HG00978	HG00978		SAME124727	Dai	EAS	female	CDX	Dai Chinese	EAS	East Asian Ancestry	CDX	1000 Genomes on GRCh38,1000 Genomes 30x on GRCh38,1000 Genomes phase 3 release																																																							
HG00864	HG00864		SAME123547	Dai	EAS	female	CDX	Dai Chinese	EAS	East Asian Ancestry	CDX	1000 Genomes on GRCh38,1000 Genomes 30x on GRCh38,Human Genome Structural Variation Consortium, Phase 2,1000 Genomes phase 3 release																																																							
HG01046	HG01046		SAME123167	Dai	EAS	female	CDX	Dai Chinese	EAS	East Asian Ancestry	CDX	1000 Genomes on GRCh38,1000 Genomes 30x on GRCh38,1000 Genomes phase 3 release																																																							
HG01798	HG01798		SAME124228	Dai	EAS	female	CDX	Dai Chinese	EAS	East Asian Ancestry	CDX	1000 Genomes on GRCh38,1000 Genomes 30x on GRCh38,1000 Genomes phase 3 release																																																							
HG01801	HG01801		SAME124305	Dai	EAS	female	CDX	Dai Chinese	EAS	East Asian Ancestry	CDX	1000 Genomes on GRCh38,1000 Genomes 30x on GRCh38,1000 Genomes phase 3 release																																																							
HG01806	HG01806		SAME124304	Dai	EAS	female	CDX	Dai Chinese	EAS	East Asian Ancestry	CDX	1000 Genomes on GRCh38,1000 Genomes 30x on GRCh38,1000 Genomes phase 3 release																																																							
HG01813	HG01813		SAME124518	Dai	EAS	female	CDX	Dai Chinese	EAS	East Asian Ancestry	CDX	1000 Genomes on GRCh38,1000 Genomes 30x on GRCh38,1000 Genomes phase 3 release																																																							
HG02188	HG02188		SAME122829	Dai	EAS	female	CDX	Dai Chinese	EAS	East Asian Ancestry	CDX	1000 Genomes on GRCh38,1000 Genomes 30x on GRCh38,1000 Genomes phase 3 release																																																							
HG02190	HG02190		SAME125259	Dai	EAS	female	CDX	Dai Chinese	EAS	East Asian Ancestry	CDX	1000 Genomes on GRCh38,1000 Genomes 30x on GRCh38,1000 Genomes phase 3 release																																																							
HG01817	HG01817		SAME124522	Dai	EAS	female	CDX	Dai Chinese	EAS	East Asian Ancestry	CDX	1000 Genomes on GRCh38,1000 Genomes 30x on GRCh38,1000 Genomes phase 3 release																																																							
HG02152	HG02152		SAME124790	Dai	EAS	female	CDX	Dai Chinese	EAS	East Asian Ancestry	CDX	1000 Genomes on GRCh38,1000 Genomes 30x on GRCh38,1000 Genomes phase 3 release																																																							
HG02164	HG02164		SAME124209	Dai	EAS	female	CDX	Dai Chinese	EAS	East Asian Ancestry	CDX	1000 Genomes on GRCh38,1000 Genomes 30x on GRCh38,1000 Genomes phase 3 release																																																							
HG02169	HG02169		SAME1839233	Dai	EAS	female	CDX	Dai Chinese	EAS	East Asian Ancestry	CDX	1000 Genomes on GRCh38																																																							
HG02176	HG02176		SAME1839024	Dai	EAS	female	CDX	Dai Chinese	EAS	East Asian Ancestry	CDX	1000 Genomes on GRCh38																																																							
HG01797	HG01797		SAME124219	Dai	EAS	female	CDX	Dai Chinese	EAS	East Asian Ancestry	CDX	1000 Genomes on GRCh38,1000 Genomes 30x on GRCh38,1000 Genomes phase 3 release																																																							
HG01800	HG01800		SAME124306	Dai	EAS	female	CDX	Dai Chinese	EAS	East Asian Ancestry	CDX	1000 Genomes on GRCh38,1000 Genomes 30x on GRCh38,1000 Genomes phase 3 release																																																							
HG01805	HG01805		SAME124301	Dai	EAS	female	CDX	Dai Chinese	EAS	East Asian Ancestry	CDX	1000 Genomes on GRCh38,1000 Genomes 30x on GRCh38,1000 Genomes phase 3 release																																																							
HG01812	HG01812		SAME124517	Dai	EAS	female	CDX	Dai Chinese	EAS	East Asian Ancestry	CDX	1000 Genomes on GRCh38,1000 Genomes 30x on GRCh38,1000 Genomes phase 3 release																																																							
HG02353	HG02353		SAME1840276	Dai	EAS	male	CDX	Dai Chinese	EAS	East Asian Ancestry	CDX	1000 Genomes on GRCh38,1000 Genomes 30x on GRCh38,1000 Genomes phase 3 release																																																							
HG02358	HG02358		SAME1840334	Dai	EAS	male	CDX	Dai Chinese	EAS	East Asian Ancestry	CDX	1000 Genomes on GRCh38																																																							
HG02360	HG02360		SAME1840391	Dai	EAS	male	CDX	Dai Chinese	EAS	East Asian Ancestry	CDX	1000 Genomes on GRCh38,1000 Genomes 30x on GRCh38,1000 Genomes phase 3 release																																																							
HG02372	HG02372		SAME1840258	Dai	EAS	male	CDX	Dai Chinese	EAS	East Asian Ancestry	CDX	1000 Genomes on GRCh38,1000 Genomes phase 3 release																																																							
HG02373	HG02373		SAME124104	Dai	EAS	male	CDX	Dai Chinese	EAS	East Asian Ancestry	CDX	1000 Genomes on GRCh38,1000 Genomes 30x on GRCh38,1000 Genomes phase 3 release																																																							
HG02380	HG02380		SAME1840045	Dai	EAS	male	CDX	Dai Chinese	EAS	East Asian Ancestry	CDX	1000 Genomes on GRCh38,1000 Genomes 30x on GRCh38,1000 Genomes phase 3 release																																																							
HG02385	HG02385		SAME1840006	Dai	EAS	male	CDX	Dai Chinese	EAS	East Asian Ancestry	CDX	1000 Genomes on GRCh38,1000 Genomes 30x on GRCh38,1000 Genomes phase 3 release																																																							
HG02392	HG02392		SAME1839776	Dai	EAS	male	CDX	Dai Chinese	EAS	East Asian Ancestry	CDX	1000 Genomes on GRCh38,1000 Genomes 30x on GRCh38,1000 Genomes phase 3 release																																																							
HG02151	HG02151		SAME1839403	Dai	EAS	female	CDX	Dai Chinese	EAS	East Asian Ancestry	CDX	1000 Genomes on GRCh38,1000 Genomes 30x on GRCh38,1000 Genomes phase 3 release																																																							
HG02397	HG02397		SAME123308	Dai	EAS	male	CDX	Dai Chinese	EAS	East Asian Ancestry	CDX	1000 Genomes on GRCh38,1000 Genomes 30x on GRCh38,1000 Genomes phase 3 release																																																							
HG02156	HG02156		SAME124793	Dai	EAS	female	CDX	Dai Chinese	EAS	East Asian Ancestry	CDX	1000 Genomes on GRCh38,1000 Genomes 30x on GRCh38,1000 Genomes phase 3 release																																																							
HG02168	HG02168		SAME1839240	Dai	EAS	female	CDX	Dai Chinese	EAS	East Asian Ancestry	CDX	1000 Genomes on GRCh38																																																							
HG02170	HG02170		SAME1839052	Dai	EAS	female	CDX	Dai Chinese	EAS	East Asian Ancestry	CDX	1000 Genomes on GRCh38																																																							
HG02182	HG02182		SAME125035	Dai	EAS	female	CDX	Dai Chinese	EAS	East Asian Ancestry	CDX	1000 Genomes on GRCh38,1000 Genomes 30x on GRCh38,1000 Genomes phase 3 release																																																							
HG02187	HG02187		SAME125038	Dai	EAS	female	CDX	Dai Chinese	EAS	East Asian Ancestry	CDX	1000 Genomes on GRCh38,1000 Genomes 30x on GRCh38,1000 Genomes phase 3 release																																																							
HG02377	HG02377		SAME1840228	Dai	EAS	male	CDX	Dai Chinese	EAS	East Asian Ancestry	CDX	1000 Genomes on GRCh38,1000 Genomes phase 3 release																																																							
HG02384	HG02384		SAME1840011	Dai	EAS	male	CDX	Dai Chinese	EAS	East Asian Ancestry	CDX	1000 Genomes on GRCh38,1000 Genomes 30x on GRCh38,1000 Genomes phase 3 release																																																							
HG02389	HG02389		SAME1840085	Dai	EAS	male	CDX	Dai Chinese	EAS	East Asian Ancestry	CDX	1000 Genomes on GRCh38,1000 Genomes 30x on GRCh38,1000 Genomes phase 3 release																																																							
HG02391	HG02391		SAME1839784	Dai	EAS	male	CDX	Dai Chinese	EAS	East Asian Ancestry	CDX	1000 Genomes on GRCh38,1000 Genomes 30x on GRCh38,1000 Genomes phase 3 release																																																							
HG02396	HG02396		SAME125357	Dai	EAS	male	CDX	Dai Chinese	EAS	East Asian Ancestry	CDX	1000 Genomes on GRCh38,1000 Genomes 30x on GRCh38,1000 Genomes phase 3 release																																																							
HG02405	HG02405		SAME1839398	Dai	EAS	male	CDX	Dai Chinese	EAS	East Asian Ancestry	CDX	1000 Genomes on GRCh38																																																							
HG02409	HG02409		SAME1839457	Dai	EAS	male	CDX	Dai Chinese	EAS	East Asian Ancestry	CDX	1000 Genomes on GRCh38,1000 Genomes 30x on GRCh38,1000 Genomes phase 3 release																																																							
NA20787	NA20787		SAME123609	Italian	EUR	male	TSI	Toscani	EUR	European Ancestry	TSI	1000 Genomes on GRCh38,1000 Genomes 30x on GRCh38,1000 Genomes phase 3 release,1000 Genomes phase 1 release,Geuvadis																																																							
NA20799	NA20799		SAME123822	Italian	EUR	female	TSI	Toscani	EUR	European Ancestry	TSI	1000 Genomes on GRCh38,1000 Genomes 30x on GRCh38,1000 Genomes phase 3 release,1000 Genomes phase 1 release,Geuvadis																																																							
NA20802	NA20802		SAME125366	Italian	EUR	female	TSI	Toscani	EUR	European Ancestry	TSI	1000 Genomes on GRCh38,1000 Genomes 30x on GRCh38,1000 Genomes phase 3 release,1000 Genomes phase 1 release,Geuvadis																																																							
NA20807	NA20807		SAME125363	Italian	EUR	female	TSI	Toscani	EUR	European Ancestry	TSI	1000 Genomes on GRCh38,1000 Genomes 30x on GRCh38,1000 Genomes phase 3 release,1000 Genomes phase 1 release,Geuvadis																																																							
NA20814	NA20814		SAME125188	Italian	EUR	male	TSI	Toscani	EUR	European Ancestry	TSI	1000 Genomes on GRCh38,1000 Genomes 30x on GRCh38,1000 Genomes phase 3 release,1000 Genomes phase 1 release,Geuvadis																																																							
NA20819	NA20819		SAME125183	Italian	EUR	female	TSI	Toscani	EUR	European Ancestry	TSI	1000 Genomes on GRCh38,1000 Genomes 30x on GRCh38,1000 Genomes phase 3 release,1000 Genomes phase 1 release,Geuvadis																																																							
NA20821	NA20821		SAME123075	Italian	EUR	female	TSI	Toscani	EUR	European Ancestry	TSI	1000 Genomes on GRCh38,1000 Genomes 30x on GRCh38,1000 Genomes phase 3 release																																																							
NA20826	NA20826		SAME123070	Italian	EUR	female	TSI	Toscani	EUR	European Ancestry	TSI	1000 Genomes on GRCh38,1000 Genomes 30x on GRCh38,1000 Genomes phase 3 release,1000 Genomes phase 1 release,Geuvadis																																																							
NA20504	NA20504		SAME124360	Italian	EUR	female	TSI	Toscani	EUR	European Ancestry	TSI	1000 Genomes on GRCh38,1000 Genomes 30x on GRCh38,1000 Genomes phase 3 release,1000 Genomes phase 1 release,Geuvadis																																																							
NA20509	NA20509		SAME124354	Italian	EUR	male	TSI	Toscani	EUR	European Ancestry	TSI	1000 Genomes on GRCh38,1000 Genomes 30x on GRCh38,Human Genome Structural Variation Consortium, Phase 2,1000 Genomes phase 3 release,1000 Genomes phase 1 release,Geuvadis																																																							
NA20511	NA20511		SAME124563	Italian	EUR	male	TSI	Toscani	EUR	European Ancestry	TSI	1000 Genomes on GRCh38,1000 Genomes 30x on GRCh38,1000 Genomes phase 3 release																																																							
NA20516	NA20516		SAME124556	Italian	EUR	male	TSI	Toscani	EUR	European Ancestry	TSI	1000 Genomes on GRCh38,1000 Genomes 30x on GRCh38,1000 Genomes phase 3 release,1000 Genomes phase 1 release,Geuvadis																																																							
NA20528	NA20528		SAME124012	Italian	EUR	male	TSI	Toscani	EUR	European Ancestry	TSI	1000 Genomes on GRCh38,1000 Genomes 30x on GRCh38,1000 Genomes phase 3 release,1000 Genomes phase 1 release,Geuvadis																																																							
NA20530	NA20530		SAME124169	Italian	EUR	female	TSI	Toscani	EUR	European Ancestry	TSI	1000 Genomes on GRCh38,1000 Genomes 30x on GRCh38,1000 Genomes phase 3 release,1000 Genomes phase 1 release,Geuvadis																																																							
NA20535	NA20535		SAME124166	Italian	EUR	female	TSI	Toscani	EUR	European Ancestry	TSI	1000 Genomes on GRCh38,1000 Genomes 30x on GRCh38,1000 Genomes phase 3 release,1000 Genomes phase 1 release,Geuvadis																																																							
NA20542	NA20542		SAME125150	Italian	EUR	female	TSI	Toscani	EUR	European Ancestry	TSI	1000 Genomes on GRCh38,1000 Genomes 30x on GRCh38,1000 Genomes phase 3 release,1000 Genomes phase 1 release,Geuvadis																																																							
NA20585	NA20585		SAME122861	Italian	EUR	female	TSI	Toscani	EUR	European Ancestry	TSI	1000 Genomes on GRCh38,1000 Genomes 30x on GRCh38,1000 Genomes phase 3 release,1000 Genomes phase 1 release,Geuvadis																																																							
NA20756	NA20756		SAME124175	Italian	EUR	female	TSI	Toscani	EUR	European Ancestry	TSI	1000 Genomes on GRCh38,1000 Genomes 30x on GRCh38,1000 Genomes phase 3 release,1000 Genomes phase 1 release,Geuvadis																																																							
NA20763	NA20763		SAME124365	Italian	EUR	male	TSI	Toscani	EUR	European Ancestry	TSI	1000 Genomes on GRCh38,1000 Genomes 30x on GRCh38,1000 Genomes phase 3 release																																																							
NA20768	NA20768		SAME124372	Italian	EUR	female	TSI	Toscani	EUR	European Ancestry	TSI	1000 Genomes on GRCh38,1000 Genomes 30x on GRCh38,1000 Genomes phase 3 release,1000 Genomes phase 1 release,Geuvadis																																																							
NA20770	NA20770		SAME124576	Italian	EUR	male	TSI	Toscani	EUR	European Ancestry	TSI	1000 Genomes on GRCh38,1000 Genomes 30x on GRCh38,1000 Genomes phase 3 release,1000 Genomes phase 1 release,Geuvadis																																																							
NA20775	NA20775		SAME124573	Italian	EUR	female	TSI	Toscani	EUR	European Ancestry	TSI	1000 Genomes on GRCh38,1000 Genomes 30x on GRCh38,1000 Genomes phase 3 release,1000 Genomes phase 1 release																																																							
NA20503	NA20503		SAME124357	Italian	EUR	female	TSI	Toscani	EUR	European Ancestry	TSI	1000 Genomes on GRCh38,1000 Genomes 30x on GRCh38,1000 Genomes phase 3 release,1000 Genomes phase 1 release,Geuvadis																																																							
NA20508	NA20508		SAME124355	Italian	EUR	female	TSI	Toscani	EUR	European Ancestry	TSI	1000 Genomes on GRCh38,1000 Genomes 30x on GRCh38,1000 Genomes phase 3 release,1000 Genomes phase 1 release,Geuvadis																																																							
NA20510	NA20510		SAME124562	Italian	EUR	male	TSI	Toscani	EUR	European Ancestry	TSI	1000 Genomes on GRCh38,1000 Genomes 30x on GRCh38,1000 Genomes phase 3 release,1000 Genomes phase 1 release,Geuvadis																																																							
NA20515	NA20515		SAME124559	Italian	EUR	male	TSI	Toscani	EUR	European Ancestry	TSI	1000 Genomes on GRCh38,1000 Genomes 30x on GRCh38,1000 Genomes phase 3 release,1000 Genomes phase 1 release,Geuvadis																																																							
NA20522	NA20522		SAME124017	Italian	EUR	female	TSI	Toscani	EUR	European Ancestry	TSI	1000 Genomes on GRCh38,1000 Genomes 30x on GRCh38,1000 Genomes phase 3 release,1000 Genomes phase 1 release																																																							
NA20786	NA20786		SAME123610	Italian	EUR	female	TSI	Toscani	EUR	European Ancestry	TSI	1000 Genomes on GRCh38,1000 Genomes 30x on GRCh38,1000 Genomes phase 3 release,1000 Genomes phase 1 release,Geuvadis																																																							
NA20798	NA20798		SAME123821	Italian	EUR	male	TSI	Toscani	EUR	European Ancestry	TSI	1000 Genomes on GRCh38,1000 Genomes 30x on GRCh38,1000 Genomes phase 3 release,1000 Genomes phase 1 release,Geuvadis																																																							
NA20801	NA20801		SAME125365	Italian	EUR	male	TSI	Toscani	EUR	European Ancestry	TSI	1000 Genomes on GRCh38,1000 Genomes 30x on GRCh38,1000 Genomes phase 3 release,1000 Genomes phase 1 release,Geuvadis																																																							
NA20806	NA20806		SAME125362	Italian	EUR	male	TSI	Toscani	EUR	European Ancestry	TSI	1000 Genomes on GRCh38,1000 Genomes 30x on GRCh38,1000 Genomes phase 3 release,1000 Genomes phase 1 release,Geuvadis																																																							
NA20813	NA20813		SAME125189	Italian	EUR	female	TSI	Toscani	EUR	European Ancestry	TSI	1000 Genomes on GRCh38,1000 Genomes 30x on GRCh38,1000 Genomes phase 3 release,1000 Genomes phase 1 release,Geuvadis																																																							
NA20818	NA20818		SAME125184	Italian	EUR	female	TSI	Toscani	EUR	European Ancestry	TSI	1000 Genomes on GRCh38,1000 Genomes 30x on GRCh38,1000 Genomes phase 3 release,1000 Genomes phase 1 release																																																							
NA20832	NA20832		SAME122894	Italian	EUR	female	TSI	Toscani	EUR	European Ancestry	TSI	1000 Genomes on GRCh38,1000 Genomes 30x on GRCh38,1000 Genomes phase 3 release																																																							
NA20527	NA20527		SAME124013	Italian	EUR	male	TSI	Toscani	EUR	European Ancestry	TSI	1000 Genomes on GRCh38,1000 Genomes 30x on GRCh38,1000 Genomes phase 3 release,1000 Genomes phase 1 release,Geuvadis																																																							
NA20534	NA20534		SAME124165	Italian	EUR	male	TSI	Toscani	EUR	European Ancestry	TSI	1000 Genomes on GRCh38,1000 Genomes 30x on GRCh38,1000 Genomes phase 3 release,1000 Genomes phase 1 release,Geuvadis																																																							
NA20539	NA20539		SAME124164	Italian	EUR	male	TSI	Toscani	EUR	European Ancestry	TSI	1000 Genomes on GRCh38,1000 Genomes 30x on GRCh38,1000 Genomes phase 3 release,1000 Genomes phase 1 release,Geuvadis																																																							
NA20541	NA20541		SAME125147	Italian	EUR	female	TSI	Toscani	EUR	European Ancestry	TSI	1000 Genomes on GRCh38,1000 Genomes 30x on GRCh38,1000 Genomes phase 3 release,1000 Genomes phase 1 release,Geuvadis																																																							
NA20589	NA20589		SAME122865	Italian	EUR	female	TSI	Toscani	EUR	European Ancestry	TSI	1000 Genomes on GRCh38,1000 Genomes 30x on GRCh38,1000 Genomes phase 3 release,1000 Genomes phase 1 release,Geuvadis																																																							
NA20755	NA20755		SAME124174	Italian	EUR	male	TSI	Toscani	EUR	European Ancestry	TSI	1000 Genomes on GRCh38,1000 Genomes 30x on GRCh38,1000 Genomes phase 3 release,1000 Genomes phase 1 release																																																							
NA20762	NA20762		SAME124744	Italian	EUR	male	TSI	Toscani	EUR	European Ancestry	TSI	1000 Genomes on GRCh38,1000 Genomes 30x on GRCh38,1000 Genomes phase 3 release																																																							
NA20767	NA20767		SAME124369	Italian	EUR	male	TSI	Toscani	EUR	European Ancestry	TSI	1000 Genomes on GRCh38,1000 Genomes 30x on GRCh38,1000 Genomes phase 3 release																																																							
NA20774	NA20774		SAME124572	Italian	EUR	female	TSI	Toscani	EUR	European Ancestry	TSI	1000 Genomes on GRCh38,1000 Genomes 30x on GRCh38,1000 Genomes phase 3 release,1000 Genomes phase 1 release,Geuvadis																																																							
HG00844	HG00844		SAME123952	Dai	EAS	male	CDX	Dai Chinese	EAS	East Asian Ancestry	CDX	1000 Genomes on GRCh38,1000 Genomes 30x on GRCh38,1000 Genomes phase 3 release																																																							
HG00851	HG00851		SAME123756	Dai	EAS	female	CDX	Dai Chinese	EAS	East Asian Ancestry	CDX	1000 Genomes on GRCh38,1000 Genomes 30x on GRCh38,1000 Genomes phase 3 release																																																							
HG00983	HG00983		SAME123769	Dai	EAS	male	CDX	Dai Chinese	EAS	East Asian Ancestry	CDX	1000 Genomes on GRCh38,1000 Genomes phase 3 release																																																							
HGDP01161	HGDP01161			Italian	EUR	male		Tuscan		Europe (HGDP)	TuscanHGDP	Human Genome Diversity Project																																																							
HGDP01166	HGDP01166			Italian	EUR	male		Tuscan		Europe (HGDP)	TuscanHGDP	Human Genome Diversity Project																																																							
HGDP01173	HGDP01173			Italian	EUR	male		Bergamo Italian		Europe (HGDP)	BergamoItalianHGDP	Human Genome Diversity Project																																																							
HG01028	HG01028		SAME123524	Dai	EAS	male	CDX	Dai Chinese	EAS	East Asian Ancestry	CDX	1000 Genomes on GRCh38,1000 Genomes 30x on GRCh38,1000 Genomes phase 3 release																																																							
HG00866	HG00866		SAME123549	Dai	EAS	male	CDX	Dai Chinese	EAS	East Asian Ancestry	CDX	1000 Genomes on GRCh38,1000 Genomes phase 3 release																																																							
HGDP01177	HGDP01177			Italian	EUR	female		Bergamo Italian		Europe (HGDP)	BergamoItalianHGDP	Human Genome Diversity Project																																																							
S_Bergamo-1	HGDP01153		SAMEA3449876	Italian	EUR	male		Bergamo		West Eurasia (SGDP)	BergamoSGDP	Simons Genome Diversity Project	238.0	C	LP6005441-DNA_A06	HGDP01153	S_Bergamo-1	Genomic_from_cell_lines	X	XY	Bergamo	WestEurasia	Italy(Bergamo)	?	..	..	68.6	2,657,453,944	2,321,398,214	2,140,671,417	1,157,895,928	0.001018956	0.000903427	0.000856607	0.000807	H3:3	I2a2b	0.000853331	4.51e-05	0.000933	7.02e-05	6.83e-05	7.22e-05	0.000890911	0.000748063	0.000713852	0.000676402	..	..	..	..	0.92	0.92	0.993	0.001	0.001	0.001										
HG01794	HG01794		SAME124218	Dai	EAS	female	CDX	Dai Chinese	EAS	East Asian Ancestry	CDX	1000 Genomes on GRCh38,1000 Genomes 30x on GRCh38,1000 Genomes phase 3 release																																																							
HG01799	HG01799		SAME124227	Dai	EAS	female	CDX	Dai Chinese	EAS	East Asian Ancestry	CDX	1000 Genomes on GRCh38,1000 Genomes 30x on GRCh38,1000 Genomes phase 3 release																																																							
HG01802	HG01802		SAME124307	Dai	EAS	female	CDX	Dai Chinese	EAS	East Asian Ancestry	CDX	1000 Genomes on GRCh38,1000 Genomes 30x on GRCh38,1000 Genomes phase 3 release																																																							
HG01807	HG01807		SAME124303	Dai	EAS	female	CDX	Dai Chinese	EAS	East Asian Ancestry	CDX	1000 Genomes on GRCh38,1000 Genomes 30x on GRCh38,1000 Genomes phase 3 release																																																							
S_Bergamo-2	HGDP01172	S_Bergamo-2	SAMEA3302855	Italian	EUR	female		Bergamo		West Eurasia (SGDP)	BergamoSGDP	Simons Genome Diversity Project	239.0	C	LP6005441-DNA_B06	HGDP01172	S_Bergamo-2	Genomic_from_cell_lines	X	XX	Bergamo	WestEurasia	Italy(Bergamo)	?	46	10	80.02	2,657,464,259	2,318,228,436	2,149,704,932	1,211,887,242	0.001023189	0.00090571	0.000858259	0.000808	HV0:0	..	0.000871026	0.000454423	0.00094	0.000534	0.000527	0.000541	0.000914489	0.000770713	0.00073751	0.000708073	0.02	0.001	0.002	0.0153	0.91	0.92	0.993	0.001	0.001	0.001	C	Bergamo	WestEurasia	Italy(Bergamo)	Howard Cann	F	46.0	10.0	62.0	0.00072
HG01796	HG01796		SAME124220	Dai	EAS	female	CDX	Dai Chinese	EAS	East Asian Ancestry	CDX	1000 Genomes on GRCh38,1000 Genomes 30x on GRCh38,1000 Genomes phase 3 release																																																							
HG01804	HG01804		SAME124302	Dai	EAS	female	CDX	Dai Chinese	EAS	East Asian Ancestry	CDX	1000 Genomes on GRCh38,1000 Genomes 30x on GRCh38,1000 Genomes phase 3 release																																																							
HG01809	HG01809		SAME124299	Dai	EAS	female	CDX	Dai Chinese	EAS	East Asian Ancestry	CDX	1000 Genomes on GRCh38,1000 Genomes 30x on GRCh38,1000 Genomes phase 3 release																																																							
HG01811	HG01811		SAME125380	Dai	EAS	male	CDX	Dai Chinese	EAS	East Asian Ancestry	CDX	1000 Genomes on GRCh38,1000 Genomes 30x on GRCh38,1000 Genomes phase 3 release																																																							
HG01816	HG01816		SAME124521	Dai	EAS	male	CDX	Dai Chinese	EAS	East Asian Ancestry	CDX	1000 Genomes on GRCh38,1000 Genomes 30x on GRCh38,1000 Genomes phase 3 release																																																							
HG02355	HG02355		SAME1840269	Dai	EAS	male	CDX	Dai Chinese	EAS	East Asian Ancestry	CDX	1000 Genomes on GRCh38,1000 Genomes 30x on GRCh38,1000 Genomes phase 3 release																																																							
HG02367	HG02367		SAME1840113	Dai	EAS	male	CDX	Dai Chinese	EAS	East Asian Ancestry	CDX	1000 Genomes on GRCh38,1000 Genomes 30x on GRCh38,1000 Genomes phase 3 release																																																							
HG02374	HG02374		SAME1840247	Dai	EAS	male	CDX	Dai Chinese	EAS	East Asian Ancestry	CDX	1000 Genomes on GRCh38,1000 Genomes 30x on GRCh38,1000 Genomes phase 3 release																																																							
HG02379	HG02379		SAME1840217	Dai	EAS	male	CDX	Dai Chinese	EAS	East Asian Ancestry	CDX	1000 Genomes on GRCh38,1000 Genomes 30x on GRCh38,1000 Genomes phase 3 release																																																							
HG02184	HG02184		SAME123216	Dai	EAS	female	CDX	Dai Chinese	EAS	East Asian Ancestry	CDX	1000 Genomes on GRCh38,1000 Genomes 30x on GRCh38,1000 Genomes phase 3 release																																																							
HG02189	HG02189		SAME125040	Dai	EAS	female	CDX	Dai Chinese	EAS	East Asian Ancestry	CDX	1000 Genomes on GRCh38,1000 Genomes phase 3 release																																																							
HG02381	HG02381		SAME1840033	Dai	EAS	male	CDX	Dai Chinese	EAS	East Asian Ancestry	CDX	1000 Genomes on GRCh38,1000 Genomes phase 3 release																																																							
HG02181	HG02181		SAME123206	Dai	EAS	female	CDX	Dai Chinese	EAS	East Asian Ancestry	CDX	1000 Genomes on GRCh38,1000 Genomes 30x on GRCh38,1000 Genomes phase 3 release																																																							
HG02386	HG02386		SAME1840001	Dai	EAS	male	CDX	Dai Chinese	EAS	East Asian Ancestry	CDX	1000 Genomes on GRCh38,1000 Genomes 30x on GRCh38,1000 Genomes phase 3 release																																																							
HG02186	HG02186		SAME125039	Dai	EAS	female	CDX	Dai Chinese	EAS	East Asian Ancestry	CDX	1000 Genomes on GRCh38,1000 Genomes 30x on GRCh38,1000 Genomes phase 3 release																																																							
HG02398	HG02398		SAME1839845	Dai	EAS	male	CDX	Dai Chinese	EAS	East Asian Ancestry	CDX	1000 Genomes on GRCh38,1000 Genomes 30x on GRCh38,1000 Genomes phase 3 release																																																							
HG02401	HG02401		SAME1839415	Dai	EAS	male	CDX	Dai Chinese	EAS	East Asian Ancestry	CDX	1000 Genomes on GRCh38,1000 Genomes 30x on GRCh38,1000 Genomes phase 3 release																																																							
HG02406	HG02406		SAME1839394	Dai	EAS	male	CDX	Dai Chinese	EAS	East Asian Ancestry	CDX	1000 Genomes on GRCh38,1000 Genomes 30x on GRCh38,1000 Genomes phase 3 release																																																							
HG02153	HG02153		SAME124791	Dai	EAS	female	CDX	Dai Chinese	EAS	East Asian Ancestry	CDX	1000 Genomes on GRCh38,1000 Genomes 30x on GRCh38,1000 Genomes phase 3 release																																																							
HG02155	HG02155		SAME124795	Dai	EAS	female	CDX	Dai Chinese	EAS	East Asian Ancestry	CDX	1000 Genomes on GRCh38,1000 Genomes 30x on GRCh38,1000 Genomes phase 3 release																																																							
HG02165	HG02165		SAME124208	Dai	EAS	female	CDX	Dai Chinese	EAS	East Asian Ancestry	CDX	1000 Genomes on GRCh38,1000 Genomes 30x on GRCh38,1000 Genomes phase 3 release																																																							
HG02179	HG02179		SAME124415	Dai	EAS	female	CDX	Dai Chinese	EAS	East Asian Ancestry	CDX	1000 Genomes on GRCh38,1000 Genomes 30x on GRCh38,1000 Genomes phase 3 release																																																							
HG02364	HG02364		SAME1840125	Dai	EAS	male	CDX	Dai Chinese	EAS	East Asian Ancestry	CDX	1000 Genomes on GRCh38,1000 Genomes 30x on GRCh38,1000 Genomes phase 3 release																																																							
HG02371	HG02371		SAME1840180	Dai	EAS	male	CDX	Dai Chinese	EAS	East Asian Ancestry	CDX	1000 Genomes on GRCh38,1000 Genomes 30x on GRCh38,1000 Genomes phase 3 release																																																							
HG01029	HG01029		SAME123523	Dai	EAS	female	CDX	Dai Chinese	EAS	East Asian Ancestry	CDX	1000 Genomes on GRCh38,1000 Genomes 30x on GRCh38,1000 Genomes phase 3 release																																																							
HG01031	HG01031		SAME123728	Dai	EAS	male	CDX	Dai Chinese	EAS	East Asian Ancestry	CDX	1000 Genomes on GRCh38,1000 Genomes 30x on GRCh38,1000 Genomes phase 3 release																																																							
HG00759	HG00759		SAME125020	Dai	EAS	female	CDX	Dai Chinese	EAS	East Asian Ancestry	CDX	1000 Genomes on GRCh38,1000 Genomes 30x on GRCh38,1000 Genomes phase 3 release																																																							
HG00766	HG00766		SAME124458	Dai	EAS	female	CDX	Dai Chinese	EAS	East Asian Ancestry	CDX	1000 Genomes on GRCh38,1000 Genomes 30x on GRCh38,1000 Genomes phase 3 release																																																							
HG00867	HG00867		SAME123550	Dai	EAS	female	CDX	Dai Chinese	EAS	East Asian Ancestry	CDX	1000 Genomes on GRCh38,1000 Genomes 30x on GRCh38,1000 Genomes phase 3 release																																																							
HG00879	HG00879		SAME123399	Dai	EAS	female	CDX	Dai Chinese	EAS	East Asian Ancestry	CDX	1000 Genomes on GRCh38,1000 Genomes 30x on GRCh38,1000 Genomes phase 3 release																																																							
HG00881	HG00881		SAME123540	Dai	EAS	male	CDX	Dai Chinese	EAS	East Asian Ancestry	CDX	1000 Genomes on GRCh38,1000 Genomes 30x on GRCh38,1000 Genomes phase 3 release																																																							
HG02408	HG02408		SAME1839461	Dai	EAS	male	CDX	Dai Chinese	EAS	East Asian Ancestry	CDX	1000 Genomes on GRCh38,1000 Genomes 30x on GRCh38,1000 Genomes phase 3 release																																																							
HG00956	HG00956		SAME124319	Dai	EAS	female	CDX	Dai Chinese	EAS	East Asian Ancestry	CDX	1000 Genomes on GRCh38,1000 Genomes 30x on GRCh38,1000 Genomes phase 3 release																																																							
HG02410	HG02410		SAME1839207	Dai	EAS	male	CDX	Dai Chinese	EAS	East Asian Ancestry	CDX	1000 Genomes on GRCh38,1000 Genomes 30x on GRCh38,1000 Genomes phase 3 release																																																							
HG00982	HG00982		SAME123770	Dai	EAS	male	CDX	Dai Chinese	EAS	East Asian Ancestry	CDX	1000 Genomes on GRCh38,1000 Genomes 30x on GRCh38,1000 Genomes phase 3 release																																																							
HG02383	HG02383		SAME1840019	Dai	EAS	male	CDX	Dai Chinese	EAS	East Asian Ancestry	CDX	1000 Genomes on GRCh38,1000 Genomes 30x on GRCh38,1000 Genomes phase 3 release																																																							
HG02388	HG02388		SAME1839997	Dai	EAS	male	CDX	Dai Chinese	EAS	East Asian Ancestry	CDX	1000 Genomes on GRCh38,1000 Genomes phase 3 release																																																							
HG02390	HG02390		SAME1839788	Dai	EAS	male	CDX	Dai Chinese	EAS	East Asian Ancestry	CDX	1000 Genomes on GRCh38,1000 Genomes 30x on GRCh38,1000 Genomes phase 3 release																																																							
HG02395	HG02395		SAME1839754	Dai	EAS	male	CDX	Dai Chinese	EAS	East Asian Ancestry	CDX	1000 Genomes on GRCh38,1000 Genomes 30x on GRCh38,1000 Genomes phase 3 release																																																							
HG01795	HG01795		SAME124217	Dai	EAS	female	CDX	Dai Chinese	EAS	East Asian Ancestry	CDX	1000 Genomes on GRCh38,1000 Genomes 30x on GRCh38,1000 Genomes phase 3 release																																																							
HG01808	HG01808		SAME124300	Dai	EAS	female	CDX	Dai Chinese	EAS	East Asian Ancestry	CDX	1000 Genomes on GRCh38,1000 Genomes 30x on GRCh38,1000 Genomes phase 3 release																																																							
HG01810	HG01810		SAME124519	Dai	EAS	male	CDX	Dai Chinese	EAS	East Asian Ancestry	CDX	1000 Genomes on GRCh38,1000 Genomes 30x on GRCh38,1000 Genomes phase 3 release																																																							
HG01815	HG01815		SAME124524	Dai	EAS	female	CDX	Dai Chinese	EAS	East Asian Ancestry	CDX	1000 Genomes on GRCh38,1000 Genomes 30x on GRCh38,1000 Genomes phase 3 release																																																							
HG02250	HG02250		SAME1839268	Dai	EAS	male	CDX	Dai Chinese	EAS	East Asian Ancestry	CDX	1000 Genomes on GRCh38,1000 Genomes 30x on GRCh38,1000 Genomes phase 3 release																																																							
HG02154	HG02154		SAME124794	Dai	EAS	female	CDX	Dai Chinese	EAS	East Asian Ancestry	CDX	1000 Genomes on GRCh38,1000 Genomes 30x on GRCh38,1000 Genomes phase 3 release																																																							
HG02166	HG02166		SAME124207	Dai	EAS	female	CDX	Dai Chinese	EAS	East Asian Ancestry	CDX	1000 Genomes on GRCh38,1000 Genomes 30x on GRCh38,1000 Genomes phase 3 release																																																							
HG02173	HG02173		SAME1839041	Dai	EAS	female	CDX	Dai Chinese	EAS	East Asian Ancestry	CDX	1000 Genomes on GRCh38																																																							
HG02178	HG02178		SAME124414	Dai	EAS	female	CDX	Dai Chinese	EAS	East Asian Ancestry	CDX	1000 Genomes on GRCh38,1000 Genomes 30x on GRCh38,1000 Genomes phase 3 release																																																							
HG02180	HG02180		SAME123208	Dai	EAS	female	CDX	Dai Chinese	EAS	East Asian Ancestry	CDX	1000 Genomes on GRCh38,1000 Genomes 30x on GRCh38,1000 Genomes phase 3 release																																																							
HG02185	HG02185		SAME123215	Dai	EAS	female	CDX	Dai Chinese	EAS	East Asian Ancestry	CDX	1000 Genomes on GRCh38,1000 Genomes 30x on GRCh38,1000 Genomes phase 3 release																																																							
HG02351	HG02351		SAME1840284	Dai	EAS	male	CDX	Dai Chinese	EAS	East Asian Ancestry	CDX	1000 Genomes on GRCh38,1000 Genomes 30x on GRCh38,1000 Genomes phase 3 release																																																							
HG02356	HG02356		SAME1840261	Dai	EAS	male	CDX	Dai Chinese	EAS	East Asian Ancestry	CDX	1000 Genomes on GRCh38,1000 Genomes 30x on GRCh38,1000 Genomes phase 3 release																																																							
HG02363	HG02363		SAME1840379	Dai	EAS	male	CDX	Dai Chinese	EAS	East Asian Ancestry	CDX	1000 Genomes on GRCh38,1000 Genomes phase 3 release																																																							
HG02375	HG02375		SAME1840244	Dai	EAS	male	CDX	Dai Chinese	EAS	East Asian Ancestry	CDX	1000 Genomes on GRCh38,1000 Genomes 30x on GRCh38,1000 Genomes phase 3 release																																																							
HG02382	HG02382		SAME1840025	Dai	EAS	male	CDX	Dai Chinese	EAS	East Asian Ancestry	CDX	1000 Genomes on GRCh38,1000 Genomes 30x on GRCh38,1000 Genomes phase 3 release																																																							
HG02387	HG02387		SAME1839998	Dai	EAS	male	CDX	Dai Chinese	EAS	East Asian Ancestry	CDX	1000 Genomes on GRCh38,1000 Genomes phase 3 release																																																							
HG02394	HG02394		SAME123305	Dai	EAS	male	CDX	Dai Chinese	EAS	East Asian Ancestry	CDX	1000 Genomes on GRCh38,1000 Genomes 30x on GRCh38,1000 Genomes phase 3 release																																																							
HG02399	HG02399		SAME1839842	Dai	EAS	male	CDX	Dai Chinese	EAS	East Asian Ancestry	CDX	1000 Genomes on GRCh38,1000 Genomes 30x on GRCh38,1000 Genomes phase 3 release																																																							
HG02402	HG02402		SAME1839412	Dai	EAS	male	CDX	Dai Chinese	EAS	East Asian Ancestry	CDX	1000 Genomes on GRCh38,1000 Genomes 30x on GRCh38,1000 Genomes phase 3 release																																																							
HG02407	HG02407		SAME1839464	Dai	EAS	male	CDX	Dai Chinese	EAS	East Asian Ancestry	CDX	1000 Genomes on GRCh38,1000 Genomes 30x on GRCh38,1000 Genomes phase 3 release																																																							
NA20505	NA20505		SAME124359	Italian	EUR	female	TSI	Toscani	EUR	European Ancestry	TSI	1000 Genomes on GRCh38,1000 Genomes 30x on GRCh38,1000 Genomes phase 3 release,1000 Genomes phase 1 release,Geuvadis																																																							
NA20512	NA20512		SAME124560	Italian	EUR	male	TSI	Toscani	EUR	European Ancestry	TSI	1000 Genomes on GRCh38,1000 Genomes 30x on GRCh38,1000 Genomes phase 3 release,1000 Genomes phase 1 release,Geuvadis																																																							
NA20517	NA20517		SAME124557	Italian	EUR	female	TSI	Toscani	EUR	European Ancestry	TSI	1000 Genomes on GRCh38,1000 Genomes 30x on GRCh38,1000 Genomes phase 3 release,1000 Genomes phase 1 release,Geuvadis																																																							
NA20524	NA20524		SAME124016	Italian	EUR	male	TSI	Toscani	EUR	European Ancestry	TSI	1000 Genomes on GRCh38,1000 Genomes 30x on GRCh38,1000 Genomes phase 3 release,1000 Genomes phase 1 release,Geuvadis																																																							
NA20529	NA20529		SAME124011	Italian	EUR	female	TSI	Toscani	EUR	European Ancestry	TSI	1000 Genomes on GRCh38,1000 Genomes 30x on GRCh38,1000 Genomes phase 3 release,1000 Genomes phase 1 release,Geuvadis																																																							
NA20531	NA20531		SAME124170	Italian	EUR	female	TSI	Toscani	EUR	European Ancestry	TSI	1000 Genomes on GRCh38,1000 Genomes 30x on GRCh38,1000 Genomes phase 3 release,1000 Genomes phase 1 release,Geuvadis																																																							
NA20536	NA20536		SAME124167	Italian	EUR	male	TSI	Toscani	EUR	European Ancestry	TSI	1000 Genomes on GRCh38,1000 Genomes 30x on GRCh38,1000 Genomes phase 3 release,1000 Genomes phase 1 release,Geuvadis																																																							
NA20543	NA20543		SAME125149	Italian	EUR	male	TSI	Toscani	EUR	European Ancestry	TSI	1000 Genomes on GRCh38,1000 Genomes 30x on GRCh38,1000 Genomes phase 3 release,1000 Genomes phase 1 release,Geuvadis																																																							
NA20581	NA20581		SAME122859	Italian	EUR	male	TSI	Toscani	EUR	European Ancestry	TSI	1000 Genomes on GRCh38,1000 Genomes 30x on GRCh38,1000 Genomes phase 3 release,1000 Genomes phase 1 release,Geuvadis																																																							
NA20586	NA20586		SAME122864	Italian	EUR	male	TSI	Toscani	EUR	European Ancestry	TSI	1000 Genomes on GRCh38,1000 Genomes 30x on GRCh38,1000 Genomes phase 3 release,1000 Genomes phase 1 release,Geuvadis																																																							
NA20752	NA20752		SAME124177	Italian	EUR	male	TSI	Toscani	EUR	European Ancestry	TSI	1000 Genomes on GRCh38,1000 Genomes 30x on GRCh38,1000 Genomes phase 3 release,1000 Genomes phase 1 release,Geuvadis																																																							
NA20757	NA20757		SAME124176	Italian	EUR	female	TSI	Toscani	EUR	European Ancestry	TSI	1000 Genomes on GRCh38,1000 Genomes 30x on GRCh38,1000 Genomes phase 3 release,1000 Genomes phase 1 release,Geuvadis																																																							
NA20764	NA20764		SAME124368	Italian	EUR	female	TSI	Toscani	EUR	European Ancestry	TSI	1000 Genomes on GRCh38,1000 Genomes 30x on GRCh38,1000 Genomes phase 3 release																																																							
NA20769	NA20769		SAME124371	Italian	EUR	female	TSI	Toscani	EUR	European Ancestry	TSI	1000 Genomes on GRCh38,1000 Genomes 30x on GRCh38,1000 Genomes phase 3 release,1000 Genomes phase 1 release,Geuvadis																																																							
NA20771	NA20771		SAME124577	Italian	EUR	female	TSI	Toscani	EUR	European Ancestry	TSI	1000 Genomes on GRCh38,1000 Genomes 30x on GRCh38,1000 Genomes phase 3 release,1000 Genomes phase 1 release,Geuvadis																																																							
NA20783	NA20783		SAME123607	Italian	EUR	male	TSI	Toscani	EUR	European Ancestry	TSI	1000 Genomes on GRCh38,1000 Genomes 30x on GRCh38,1000 Genomes phase 3 release,1000 Genomes phase 1 release,Geuvadis																																																							
NA20790	NA20790		SAME123815	Italian	EUR	female	TSI	Toscani	EUR	European Ancestry	TSI	1000 Genomes on GRCh38,1000 Genomes 30x on GRCh38,1000 Genomes phase 3 release,1000 Genomes phase 1 release,Geuvadis																																																							
NA20795	NA20795		SAME123818	Italian	EUR	female	TSI	Toscani	EUR	European Ancestry	TSI	1000 Genomes on GRCh38,1000 Genomes 30x on GRCh38,1000 Genomes phase 3 release,1000 Genomes phase 1 release,Geuvadis																																																							
NA20803	NA20803		SAME125367	Italian	EUR	male	TSI	Toscani	EUR	European Ancestry	TSI	1000 Genomes on GRCh38,1000 Genomes 30x on GRCh38,1000 Genomes phase 3 release,1000 Genomes phase 1 release,Geuvadis																																																							
NA20808	NA20808		SAME122813	Italian	EUR	female	TSI	Toscani	EUR	European Ancestry	TSI	1000 Genomes on GRCh38,1000 Genomes 30x on GRCh38,1000 Genomes phase 3 release,1000 Genomes phase 1 release,Geuvadis																																																							
NA20810	NA20810		SAME125192	Italian	EUR	male	TSI	Toscani	EUR	European Ancestry	TSI	1000 Genomes on GRCh38,1000 Genomes 30x on GRCh38,1000 Genomes phase 3 release,1000 Genomes phase 1 release,Geuvadis																																																							
NA20815	NA20815		SAME125187	Italian	EUR	male	TSI	Toscani	EUR	European Ancestry	TSI	1000 Genomes on GRCh38,1000 Genomes 30x on GRCh38,1000 Genomes phase 3 release,1000 Genomes phase 1 release,Geuvadis																																																							
NA20822	NA20822		SAME123073	Italian	EUR	female	TSI	Toscani	EUR	European Ancestry	TSI	1000 Genomes on GRCh38,1000 Genomes 30x on GRCh38,1000 Genomes phase 3 release																																																							
NA20827	NA20827		SAME123071	Italian	EUR	male	TSI	Toscani	EUR	European Ancestry	TSI	1000 Genomes on GRCh38,1000 Genomes 30x on GRCh38,1000 Genomes phase 3 release																																																							
NA20526	NA20526		SAME124014	Italian	EUR	female	TSI	Toscani	EUR	European Ancestry	TSI	1000 Genomes on GRCh38,1000 Genomes phase 3 release,1000 Genomes phase 1 release																																																							
NA20533	NA20533		SAME124172	Italian	EUR	female	TSI	Toscani	EUR	European Ancestry	TSI	1000 Genomes on GRCh38,1000 Genomes 30x on GRCh38,1000 Genomes phase 3 release,1000 Genomes phase 1 release																																																							
NA20538	NA20538		SAME124163	Italian	EUR	male	TSI	Toscani	EUR	European Ancestry	TSI	1000 Genomes on GRCh38,1000 Genomes 30x on GRCh38,1000 Genomes phase 3 release,1000 Genomes phase 1 release,Geuvadis																																																							
NA20540	NA20540		SAME125148	Italian	EUR	female	TSI	Toscani	EUR	European Ancestry	TSI	1000 Genomes on GRCh38,1000 Genomes 30x on GRCh38,1000 Genomes phase 3 release,1000 Genomes phase 1 release,Geuvadis																																																							
NA20588	NA20588		SAME122866	Italian	EUR	male	TSI	Toscani	EUR	European Ancestry	TSI	1000 Genomes on GRCh38,1000 Genomes 30x on GRCh38,1000 Genomes phase 3 release,1000 Genomes phase 1 release,Geuvadis																																																							
NA20754	NA20754		SAME124173	Italian	EUR	male	TSI	Toscani	EUR	European Ancestry	TSI	1000 Genomes on GRCh38,1000 Genomes 30x on GRCh38,1000 Genomes phase 3 release,1000 Genomes phase 1 release,Geuvadis																																																							
NA20759	NA20759		SAME125094	Italian	EUR	male	TSI	Toscani	EUR	European Ancestry	TSI	1000 Genomes on GRCh38,1000 Genomes 30x on GRCh38,1000 Genomes phase 3 release,1000 Genomes phase 1 release,Geuvadis																																																							
NA20761	NA20761		SAME124363	Italian	EUR	female	TSI	Toscani	EUR	European Ancestry	TSI	1000 Genomes on GRCh38,1000 Genomes 30x on GRCh38,1000 Genomes phase 3 release,1000 Genomes phase 1 release,Geuvadis																																																							
NA20766	NA20766		SAME124370	Italian	EUR	female	TSI	Toscani	EUR	European Ancestry	TSI	1000 Genomes on GRCh38,1000 Genomes 30x on GRCh38,1000 Genomes phase 3 release,1000 Genomes phase 1 release,Geuvadis																																																							
NA20773	NA20773		SAME124575	Italian	EUR	female	TSI	Toscani	EUR	European Ancestry	TSI	1000 Genomes on GRCh38,1000 Genomes 30x on GRCh38,1000 Genomes phase 3 release,1000 Genomes phase 1 release,Geuvadis																																																							
NA20778	NA20778		SAME124571	Italian	EUR	male	TSI	Toscani	EUR	European Ancestry	TSI	1000 Genomes on GRCh38,1000 Genomes 30x on GRCh38,1000 Genomes phase 3 release,1000 Genomes phase 1 release,Geuvadis																																																							
NA20785	NA20785		SAME123611	Italian	EUR	male	TSI	Toscani	EUR	European Ancestry	TSI	1000 Genomes on GRCh38,1000 Genomes 30x on GRCh38,1000 Genomes phase 3 release,1000 Genomes phase 1 release,Geuvadis																																																							
NA20502	NA20502		SAME124358	Italian	EUR	female	TSI	Toscani	EUR	European Ancestry	TSI	1000 Genomes on GRCh38,1000 Genomes 30x on GRCh38,1000 Genomes phase 3 release,1000 Genomes phase 1 release,Geuvadis																																																							
NA20507	NA20507		SAME124361	Italian	EUR	female	TSI	Toscani	EUR	European Ancestry	TSI	1000 Genomes on GRCh38,1000 Genomes 30x on GRCh38,1000 Genomes phase 3 release,1000 Genomes phase 1 release,Geuvadis																																																							
NA20514	NA20514		SAME124558	Italian	EUR	female	TSI	Toscani	EUR	European Ancestry	TSI	1000 Genomes on GRCh38,1000 Genomes 30x on GRCh38,1000 Genomes phase 3 release,1000 Genomes phase 1 release,Geuvadis																																																							
NA20519	NA20519		SAME123179	Italian	EUR	male	TSI	Toscani	EUR	European Ancestry	TSI	1000 Genomes on GRCh38,1000 Genomes 30x on GRCh38,1000 Genomes phase 3 release,1000 Genomes phase 1 release,Geuvadis																																																							
NA20521	NA20521		SAME124018	Italian	EUR	male	TSI	Toscani	EUR	European Ancestry	TSI	1000 Genomes on GRCh38,1000 Genomes 30x on GRCh38,1000 Genomes phase 3 release,1000 Genomes phase 1 release,Geuvadis																																																							
NA20792	NA20792		SAME123817	Italian	EUR	male	TSI	Toscani	EUR	European Ancestry	TSI	1000 Genomes on GRCh38,1000 Genomes 30x on GRCh38,1000 Genomes phase 3 release,1000 Genomes phase 1 release,Geuvadis																																																							
NA20797	NA20797		SAME123820	Italian	EUR	female	TSI	Toscani	EUR	European Ancestry	TSI	1000 Genomes on GRCh38,1000 Genomes 30x on GRCh38,1000 Genomes phase 3 release,1000 Genomes phase 1 release,Geuvadis																																																							
NA20800	NA20800		SAME125364	Italian	EUR	female	TSI	Toscani	EUR	European Ancestry	TSI	1000 Genomes on GRCh38,1000 Genomes 30x on GRCh38,1000 Genomes phase 3 release,1000 Genomes phase 1 release,Geuvadis																																																							
NA20805	NA20805		SAME125361	Italian	EUR	male	TSI	Toscani	EUR	European Ancestry	TSI	1000 Genomes on GRCh38,1000 Genomes 30x on GRCh38,1000 Genomes phase 3 release,1000 Genomes phase 1 release,Geuvadis																																																							
NA20812	NA20812		SAME125190	Italian	EUR	male	TSI	Toscani	EUR	European Ancestry	TSI	1000 Genomes on GRCh38,1000 Genomes 30x on GRCh38,1000 Genomes phase 3 release,1000 Genomes phase 1 release,Geuvadis																																																							
NA20829	NA20829		SAME123077	Italian	EUR	male	TSI	Toscani	EUR	European Ancestry	TSI	1000 Genomes on GRCh38,1000 Genomes phase 3 release																																																							
NA20831	NA20831		SAME122893	Italian	EUR	male	TSI	Toscani	EUR	European Ancestry	TSI	1000 Genomes on GRCh38,1000 Genomes phase 3 release																																																							
NA20506	NA20506		SAME124362	Italian	EUR	female	TSI	Toscani	EUR	European Ancestry	TSI	1000 Genomes on GRCh38,1000 Genomes 30x on GRCh38,1000 Genomes phase 3 release,1000 Genomes phase 1 release,Geuvadis																																																							
NA20513	NA20513		SAME124561	Italian	EUR	male	TSI	Toscani	EUR	European Ancestry	TSI	1000 Genomes on GRCh38,1000 Genomes 30x on GRCh38,1000 Genomes phase 3 release,1000 Genomes phase 1 release,Geuvadis																																																							
NA20518	NA20518		SAME123178	Italian	EUR	male	TSI	Toscani	EUR	European Ancestry	TSI	1000 Genomes on GRCh38,1000 Genomes 30x on GRCh38,1000 Genomes phase 3 release,1000 Genomes phase 1 release,Geuvadis																																																							
NA20520	NA20520		SAME124019	Italian	EUR	male	TSI	Toscani	EUR	European Ancestry	TSI	1000 Genomes on GRCh38,1000 Genomes 30x on GRCh38,1000 Genomes phase 3 release,1000 Genomes phase 1 release,Geuvadis																																																							
NA20525	NA20525		SAME124015	Italian	EUR	male	TSI	Toscani	EUR	European Ancestry	TSI	1000 Genomes on GRCh38,1000 Genomes 30x on GRCh38,1000 Genomes phase 3 release,1000 Genomes phase 1 release,Geuvadis																																																							
NA20532	NA20532		SAME124171	Italian	EUR	male	TSI	Toscani	EUR	European Ancestry	TSI	1000 Genomes on GRCh38,1000 Genomes 30x on GRCh38,1000 Genomes phase 3 release,1000 Genomes phase 1 release,Geuvadis																																																							
NA20537	NA20537		SAME124168	Italian	EUR	male	TSI	Toscani	EUR	European Ancestry	TSI	1000 Genomes on GRCh38,1000 Genomes phase 3 release,1000 Genomes phase 1 release,Geuvadis																																																							
NA20544	NA20544		SAME125146	Italian	EUR	male	TSI	Toscani	EUR	European Ancestry	TSI	1000 Genomes on GRCh38,1000 Genomes 30x on GRCh38,1000 Genomes phase 3 release,1000 Genomes phase 1 release,Geuvadis																																																							
NA20582	NA20582		SAME123474	Italian	EUR	female	TSI	Toscani	EUR	European Ancestry	TSI	1000 Genomes on GRCh38,1000 Genomes 30x on GRCh38,1000 Genomes phase 3 release,1000 Genomes phase 1 release,Geuvadis																																																							
NA20587	NA20587		SAME123481	Italian	EUR	female	TSI	Toscani	EUR	European Ancestry	TSI	1000 Genomes on GRCh38,1000 Genomes 30x on GRCh38,1000 Genomes phase 3 release																																																							
NA20753	NA20753		SAME124178	Italian	EUR	female	TSI	Toscani	EUR	European Ancestry	TSI	1000 Genomes on GRCh38,1000 Genomes 30x on GRCh38,1000 Genomes phase 3 release,1000 Genomes phase 1 release																																																							
NA20758	NA20758		SAME125117	Italian	EUR	male	TSI	Toscani	EUR	European Ancestry	TSI	1000 Genomes on GRCh38,1000 Genomes 30x on GRCh38,1000 Genomes phase 3 release,1000 Genomes phase 1 release,Geuvadis																																																							
NA20760	NA20760		SAME124364	Italian	EUR	female	TSI	Toscani	EUR	European Ancestry	TSI	1000 Genomes on GRCh38,1000 Genomes 30x on GRCh38,1000 Genomes phase 3 release,1000 Genomes phase 1 release,Geuvadis																																																							
NA20765	NA20765		SAME124367	Italian	EUR	male	TSI	Toscani	EUR	European Ancestry	TSI	1000 Genomes on GRCh38,1000 Genomes 30x on GRCh38,1000 Genomes phase 3 release,1000 Genomes phase 1 release,Geuvadis																																																							
NA20772	NA20772		SAME124574	Italian	EUR	female	TSI	Toscani	EUR	European Ancestry	TSI	1000 Genomes on GRCh38,1000 Genomes 30x on GRCh38,1000 Genomes phase 3 release,1000 Genomes phase 1 release,Geuvadis																																																							
NA20796	NA20796		SAME123819	Italian	EUR	male	TSI	Toscani	EUR	European Ancestry	TSI	1000 Genomes on GRCh38,1000 Genomes 30x on GRCh38,1000 Genomes phase 3 release,1000 Genomes phase 1 release,Geuvadis																																																							
NA20804	NA20804		SAME125224	Italian	EUR	female	TSI	Toscani	EUR	European Ancestry	TSI	1000 Genomes on GRCh38,1000 Genomes 30x on GRCh38,1000 Genomes phase 3 release,1000 Genomes phase 1 release,Geuvadis																																																							
NA20809	NA20809		SAME125359	Italian	EUR	male	TSI	Toscani	EUR	European Ancestry	TSI	1000 Genomes on GRCh38,1000 Genomes 30x on GRCh38,1000 Genomes phase 3 release,1000 Genomes phase 1 release,Geuvadis																																																							
NA20811	NA20811		SAME123069	Italian	EUR	male	TSI	Toscani	EUR	European Ancestry	TSI	1000 Genomes on GRCh38,1000 Genomes 30x on GRCh38,1000 Genomes phase 3 release,1000 Genomes phase 1 release,Geuvadis																																																							
NA20816	NA20816		SAME125186	Italian	EUR	male	TSI	Toscani	EUR	European Ancestry	TSI	1000 Genomes on GRCh38,1000 Genomes phase 3 release,1000 Genomes phase 1 release,Geuvadis																																																							
HGDP01155	HGDP01155			Italian	EUR	male		Bergamo Italian		Europe (HGDP)	BergamoItalianHGDP	Human Genome Diversity Project																																																							
HGDP01162	HGDP01162			Italian	EUR	male		Tuscan		Europe (HGDP)	TuscanHGDP	Human Genome Diversity Project																																																							
HGDP01167	HGDP01167			Italian	EUR	male		Tuscan		Europe (HGDP)	TuscanHGDP	Human Genome Diversity Project																																																							
HGDP01174	HGDP01174			Italian	EUR	male		Bergamo Italian		Europe (HGDP)	BergamoItalianHGDP	Human Genome Diversity Project																																																							
NA20828	NA20828		SAME123076	Italian	EUR	female	TSI	Toscani	EUR	European Ancestry	TSI	1000 Genomes on GRCh38,1000 Genomes 30x on GRCh38,1000 Genomes phase 3 release,1000 Genomes phase 1 release,Geuvadis																																																							
HGDP01152	HGDP01152			Italian	EUR	male		Bergamo Italian		Europe (HGDP)	BergamoItalianHGDP	Human Genome Diversity Project																																																							
HGDP01157	HGDP01157			Italian	EUR	female		Bergamo Italian		Europe (HGDP)	BergamoItalianHGDP	Human Genome Diversity Project																																																							
HGDP01164	HGDP01164			Italian	EUR	male		Tuscan		Europe (HGDP)	TuscanHGDP	Human Genome Diversity Project																																																							
HGDP01169	HGDP01169			Italian	EUR	female		Tuscan		Europe (HGDP)	TuscanHGDP	Human Genome Diversity Project																																																							
HGDP01171	HGDP01171			Italian	EUR	female		Bergamo Italian		Europe (HGDP)	BergamoItalianHGDP	Human Genome Diversity Project																																																							
HGDP01149	HGDP01149			Italian	EUR	male		Bergamo Italian		Europe (HGDP)	BergamoItalianHGDP	Human Genome Diversity Project																																																							
HGDP01151	HGDP01151			Italian	EUR	male		Bergamo Italian		Europe (HGDP)	BergamoItalianHGDP	Human Genome Diversity Project																																																							
HGDP01156	HGDP01156			Italian	EUR	female		Bergamo Italian		Europe (HGDP)	BergamoItalianHGDP	Human Genome Diversity Project																																																							
S_Tuscan-1	HGDP01168	S_Tuscan-1	SAMEA3302684	Italian	EUR	female		Tuscan		West Eurasia (SGDP)	TuscanSGDP	Simons Genome Diversity Project	293.0	C	LP6005441-DNA_H12	HGDP01168	S_Tuscan-1	Genomic_from_cell_lines	X	XX	Tuscan	WestEurasia	Italy(Tuscany)	?	43	11	39.71	2,656,432,813	2,313,695,426	2,075,344,445	1,194,409,911	0.001020365	0.000906356	0.000862984	0.000816	U5a2a1	..	0.000872935	0.000489866	0.000885	0.000539	0.000534	0.000545	0.000906375	0.00076595	0.000731817	0.000698981	0.021	0.001	0.002	0.0146	0.91	0.91	0.993	0.001	0.001	0.001	C	Tuscan	WestEurasia	Italy(Tuscany)	Howard Cann	F	43.0	11.0	37.0	0.00071
S_Tuscan-2	HGDP01163	S_Tuscan-2	SAMEA3302758	Italian	EUR	male		Tuscan		West Eurasia (SGDP)	TuscanSGDP	Simons Genome Diversity Project	294.0	C	LP6005441-DNA_G12	HGDP01163	S_Tuscan-2	Genomic_from_cell_lines	X	XY	Tuscan	WestEurasia	Italy(Tuscany)	?	43	11	41.41	2,655,011,570	2,298,696,518	1,967,685,480	1,180,932,139	0.001026145	0.000908672	0.00086185	0.000803	K1a1b1e	J2a1b1	0.000857067	4.62e-05	0.000903	5.11e-05	4.96e-05	5.26e-05	0.000898099	0.000757645	0.000721897	0.000676232	0.021	0.002	0.002	0.0149	0.89	0.92	0.993	0.001	0.001	0.001	C	Tuscan	WestEurasia	Italy(Tuscany)	Howard Cann	M	43.0	11.0	37.0	0.00072
HG00978	HG00978		SAME124727	Dai	EAS	female	CDX	Dai Chinese	EAS	East Asian Ancestry	CDX	1000 Genomes on GRCh38,1000 Genomes 30x on GRCh38,1000 Genomes phase 3 release																																																							
HG00864	HG00864		SAME123547	Dai	EAS	female	CDX	Dai Chinese	EAS	East Asian Ancestry	CDX	1000 Genomes on GRCh38,1000 Genomes 30x on GRCh38,Human Genome Structural Variation Consortium, Phase 2,1000 Genomes phase 3 release																																																							
HG01046	HG01046		SAME123167	Dai	EAS	female	CDX	Dai Chinese	EAS	East Asian Ancestry	CDX	1000 Genomes on GRCh38,1000 Genomes 30x on GRCh38,1000 Genomes phase 3 release																																																							
HG01798	HG01798		SAME124228	Dai	EAS	female	CDX	Dai Chinese	EAS	East Asian Ancestry	CDX	1000 Genomes on GRCh38,1000 Genomes 30x on GRCh38,1000 Genomes phase 3 release																																																							
HG01801	HG01801		SAME124305	Dai	EAS	female	CDX	Dai Chinese	EAS	East Asian Ancestry	CDX	1000 Genomes on GRCh38,1000 Genomes 30x on GRCh38,1000 Genomes phase 3 release																																																							
HG01806	HG01806		SAME124304	Dai	EAS	female	CDX	Dai Chinese	EAS	East Asian Ancestry	CDX	1000 Genomes on GRCh38,1000 Genomes 30x on GRCh38,1000 Genomes phase 3 release																																																							
HG01813	HG01813		SAME124518	Dai	EAS	female	CDX	Dai Chinese	EAS	East Asian Ancestry	CDX	1000 Genomes on GRCh38,1000 Genomes 30x on GRCh38,1000 Genomes phase 3 release																																																							
HG02188	HG02188		SAME122829	Dai	EAS	female	CDX	Dai Chinese	EAS	East Asian Ancestry	CDX	1000 Genomes on GRCh38,1000 Genomes 30x on GRCh38,1000 Genomes phase 3 release																																																							
HG02190	HG02190		SAME125259	Dai	EAS	female	CDX	Dai Chinese	EAS	East Asian Ancestry	CDX	1000 Genomes on GRCh38,1000 Genomes 30x on GRCh38,1000 Genomes phase 3 release																																																							
HG01817	HG01817		SAME124522	Dai	EAS	female	CDX	Dai Chinese	EAS	East Asian Ancestry	CDX	1000 Genomes on GRCh38,1000 Genomes 30x on GRCh38,1000 Genomes phase 3 release																																																							
HG02152	HG02152		SAME124790	Dai	EAS	female	CDX	Dai Chinese	EAS	East Asian Ancestry	CDX	1000 Genomes on GRCh38,1000 Genomes 30x on GRCh38,1000 Genomes phase 3 release																																																							
HG02164	HG02164		SAME124209	Dai	EAS	female	CDX	Dai Chinese	EAS	East Asian Ancestry	CDX	1000 Genomes on GRCh38,1000 Genomes 30x on GRCh38,1000 Genomes phase 3 release																																																							
HG02169	HG02169		SAME1839233	Dai	EAS	female	CDX	Dai Chinese	EAS	East Asian Ancestry	CDX	1000 Genomes on GRCh38																																																							
HG02176	HG02176		SAME1839024	Dai	EAS	female	CDX	Dai Chinese	EAS	East Asian Ancestry	CDX	1000 Genomes on GRCh38																																																							
HG01797	HG01797		SAME124219	Dai	EAS	female	CDX	Dai Chinese	EAS	East Asian Ancestry	CDX	1000 Genomes on GRCh38,1000 Genomes 30x on GRCh38,1000 Genomes phase 3 release																																																							
HG01800	HG01800		SAME124306	Dai	EAS	female	CDX	Dai Chinese	EAS	East Asian Ancestry	CDX	1000 Genomes on GRCh38,1000 Genomes 30x on GRCh38,1000 Genomes phase 3 release																																																							
HG01805	HG01805		SAME124301	Dai	EAS	female	CDX	Dai Chinese	EAS	East Asian Ancestry	CDX	1000 Genomes on GRCh38,1000 Genomes 30x on GRCh38,1000 Genomes phase 3 release																																																							
HG01812	HG01812		SAME124517	Dai	EAS	female	CDX	Dai Chinese	EAS	East Asian Ancestry	CDX	1000 Genomes on GRCh38,1000 Genomes 30x on GRCh38,1000 Genomes phase 3 release																																																							
HG02353	HG02353		SAME1840276	Dai	EAS	male	CDX	Dai Chinese	EAS	East Asian Ancestry	CDX	1000 Genomes on GRCh38,1000 Genomes 30x on GRCh38,1000 Genomes phase 3 release																																																							
HG02358	HG02358		SAME1840334	Dai	EAS	male	CDX	Dai Chinese	EAS	East Asian Ancestry	CDX	1000 Genomes on GRCh38																																																							
HG02360	HG02360		SAME1840391	Dai	EAS	male	CDX	Dai Chinese	EAS	East Asian Ancestry	CDX	1000 Genomes on GRCh38,1000 Genomes 30x on GRCh38,1000 Genomes phase 3 release																																																							
HG02372	HG02372		SAME1840258	Dai	EAS	male	CDX	Dai Chinese	EAS	East Asian Ancestry	CDX	1000 Genomes on GRCh38,1000 Genomes phase 3 release																																																							
HG02373	HG02373		SAME124104	Dai	EAS	male	CDX	Dai Chinese	EAS	East Asian Ancestry	CDX	1000 Genomes on GRCh38,1000 Genomes 30x on GRCh38,1000 Genomes phase 3 release																																																							
HG02380	HG02380		SAME1840045	Dai	EAS	male	CDX	Dai Chinese	EAS	East Asian Ancestry	CDX	1000 Genomes on GRCh38,1000 Genomes 30x on GRCh38,1000 Genomes phase 3 release																																																							
HG02385	HG02385		SAME1840006	Dai	EAS	male	CDX	Dai Chinese	EAS	East Asian Ancestry	CDX	1000 Genomes on GRCh38,1000 Genomes 30x on GRCh38,1000 Genomes phase 3 release																																																							
HG02392	HG02392		SAME1839776	Dai	EAS	male	CDX	Dai Chinese	EAS	East Asian Ancestry	CDX	1000 Genomes on GRCh38,1000 Genomes 30x on GRCh38,1000 Genomes phase 3 release																																																							
HG02151	HG02151		SAME1839403	Dai	EAS	female	CDX	Dai Chinese	EAS	East Asian Ancestry	CDX	1000 Genomes on GRCh38,1000 Genomes 30x on GRCh38,1000 Genomes phase 3 release																																																							
HG02397	HG02397		SAME123308	Dai	EAS	male	CDX	Dai Chinese	EAS	East Asian Ancestry	CDX	1000 Genomes on GRCh38,1000 Genomes 30x on GRCh38,1000 Genomes phase 3 release																																																							
HG02156	HG02156		SAME124793	Dai	EAS	female	CDX	Dai Chinese	EAS	East Asian Ancestry	CDX	1000 Genomes on GRCh38,1000 Genomes 30x on GRCh38,1000 Genomes phase 3 release																																																							
HG02168	HG02168		SAME1839240	Dai	EAS	female	CDX	Dai Chinese	EAS	East Asian Ancestry	CDX	1000 Genomes on GRCh38																																																							
HG02170	HG02170		SAME1839052	Dai	EAS	female	CDX	Dai Chinese	EAS	East Asian Ancestry	CDX	1000 Genomes on GRCh38																																																							
HG02182	HG02182		SAME125035	Dai	EAS	female	CDX	Dai Chinese	EAS	East Asian Ancestry	CDX	1000 Genomes on GRCh38,1000 Genomes 30x on GRCh38,1000 Genomes phase 3 release																																																							
HG02187	HG02187		SAME125038	Dai	EAS	female	CDX	Dai Chinese	EAS	East Asian Ancestry	CDX	1000 Genomes on GRCh38,1000 Genomes 30x on GRCh38,1000 Genomes phase 3 release																																																							
HG02377	HG02377		SAME1840228	Dai	EAS	male	CDX	Dai Chinese	EAS	East Asian Ancestry	CDX	1000 Genomes on GRCh38,1000 Genomes phase 3 release																																																							
HG02384	HG02384		SAME1840011	Dai	EAS	male	CDX	Dai Chinese	EAS	East Asian Ancestry	CDX	1000 Genomes on GRCh38,1000 Genomes 30x on GRCh38,1000 Genomes phase 3 release																																																							
HG02389	HG02389		SAME1840085	Dai	EAS	male	CDX	Dai Chinese	EAS	East Asian Ancestry	CDX	1000 Genomes on GRCh38,1000 Genomes 30x on GRCh38,1000 Genomes phase 3 release																																																							
HG02391	HG02391		SAME1839784	Dai	EAS	male	CDX	Dai Chinese	EAS	East Asian Ancestry	CDX	1000 Genomes on GRCh38,1000 Genomes 30x on GRCh38,1000 Genomes phase 3 release																																																							
HG02396	HG02396		SAME125357	Dai	EAS	male	CDX	Dai Chinese	EAS	East Asian Ancestry	CDX	1000 Genomes on GRCh38,1000 Genomes 30x on GRCh38,1000 Genomes phase 3 release																																																							
HG02405	HG02405		SAME1839398	Dai	EAS	male	CDX	Dai Chinese	EAS	East Asian Ancestry	CDX	1000 Genomes on GRCh38																																																							
HG02409	HG02409		SAME1839457	Dai	EAS	male	CDX	Dai Chinese	EAS	East Asian Ancestry	CDX	1000 Genomes on GRCh38,1000 Genomes 30x on GRCh38,1000 Genomes phase 3 release																																																							
NA20787	NA20787		SAME123609	Italian	EUR	male	TSI	Toscani	EUR	European Ancestry	TSI	1000 Genomes on GRCh38,1000 Genomes 30x on GRCh38,1000 Genomes phase 3 release,1000 Genomes phase 1 release,Geuvadis																																																							
NA20799	NA20799		SAME123822	Italian	EUR	female	TSI	Toscani	EUR	European Ancestry	TSI	1000 Genomes on GRCh38,1000 Genomes 30x on GRCh38,1000 Genomes phase 3 release,1000 Genomes phase 1 release,Geuvadis																																																							
NA20802	NA20802		SAME125366	Italian	EUR	female	TSI	Toscani	EUR	European Ancestry	TSI	1000 Genomes on GRCh38,1000 Genomes 30x on GRCh38,1000 Genomes phase 3 release,1000 Genomes phase 1 release,Geuvadis																																																							
NA20807	NA20807		SAME125363	Italian	EUR	female	TSI	Toscani	EUR	European Ancestry	TSI	1000 Genomes on GRCh38,1000 Genomes 30x on GRCh38,1000 Genomes phase 3 release,1000 Genomes phase 1 release,Geuvadis																																																							
NA20814	NA20814		SAME125188	Italian	EUR	male	TSI	Toscani	EUR	European Ancestry	TSI	1000 Genomes on GRCh38,1000 Genomes 30x on GRCh38,1000 Genomes phase 3 release,1000 Genomes phase 1 release,Geuvadis																																																							
NA20819	NA20819		SAME125183	Italian	EUR	female	TSI	Toscani	EUR	European Ancestry	TSI	1000 Genomes on GRCh38,1000 Genomes 30x on GRCh38,1000 Genomes phase 3 release,1000 Genomes phase 1 release,Geuvadis																																																							
NA20821	NA20821		SAME123075	Italian	EUR	female	TSI	Toscani	EUR	European Ancestry	TSI	1000 Genomes on GRCh38,1000 Genomes 30x on GRCh38,1000 Genomes phase 3 release																																																							
NA20826	NA20826		SAME123070	Italian	EUR	female	TSI	Toscani	EUR	European Ancestry	TSI	1000 Genomes on GRCh38,1000 Genomes 30x on GRCh38,1000 Genomes phase 3 release,1000 Genomes phase 1 release,Geuvadis																																																							
NA20504	NA20504		SAME124360	Italian	EUR	female	TSI	Toscani	EUR	European Ancestry	TSI	1000 Genomes on GRCh38,1000 Genomes 30x on GRCh38,1000 Genomes phase 3 release,1000 Genomes phase 1 release,Geuvadis																																																							
NA20509	NA20509		SAME124354	Italian	EUR	male	TSI	Toscani	EUR	European Ancestry	TSI	1000 Genomes on GRCh38,1000 Genomes 30x on GRCh38,Human Genome Structural Variation Consortium, Phase 2,1000 Genomes phase 3 release,1000 Genomes phase 1 release,Geuvadis																																																							
NA20511	NA20511		SAME124563	Italian	EUR	male	TSI	Toscani	EUR	European Ancestry	TSI	1000 Genomes on GRCh38,1000 Genomes 30x on GRCh38,1000 Genomes phase 3 release																																																							
NA20516	NA20516		SAME124556	Italian	EUR	male	TSI	Toscani	EUR	European Ancestry	TSI	1000 Genomes on GRCh38,1000 Genomes 30x on GRCh38,1000 Genomes phase 3 release,1000 Genomes phase 1 release,Geuvadis																																																							
NA20528	NA20528		SAME124012	Italian	EUR	male	TSI	Toscani	EUR	European Ancestry	TSI	1000 Genomes on GRCh38,1000 Genomes 30x on GRCh38,1000 Genomes phase 3 release,1000 Genomes phase 1 release,Geuvadis																																																							
NA20530	NA20530		SAME124169	Italian	EUR	female	TSI	Toscani	EUR	European Ancestry	TSI	1000 Genomes on GRCh38,1000 Genomes 30x on GRCh38,1000 Genomes phase 3 release,1000 Genomes phase 1 release,Geuvadis																																																							
NA20535	NA20535		SAME124166	Italian	EUR	female	TSI	Toscani	EUR	European Ancestry	TSI	1000 Genomes on GRCh38,1000 Genomes 30x on GRCh38,1000 Genomes phase 3 release,1000 Genomes phase 1 release,Geuvadis																																																							
NA20542	NA20542		SAME125150	Italian	EUR	female	TSI	Toscani	EUR	European Ancestry	TSI	1000 Genomes on GRCh38,1000 Genomes 30x on GRCh38,1000 Genomes phase 3 release,1000 Genomes phase 1 release,Geuvadis																																																							
NA20585	NA20585		SAME122861	Italian	EUR	female	TSI	Toscani	EUR	European Ancestry	TSI	1000 Genomes on GRCh38,1000 Genomes 30x on GRCh38,1000 Genomes phase 3 release,1000 Genomes phase 1 release,Geuvadis																																																							
NA20756	NA20756		SAME124175	Italian	EUR	female	TSI	Toscani	EUR	European Ancestry	TSI	1000 Genomes on GRCh38,1000 Genomes 30x on GRCh38,1000 Genomes phase 3 release,1000 Genomes phase 1 release,Geuvadis																																																							
NA20763	NA20763		SAME124365	Italian	EUR	male	TSI	Toscani	EUR	European Ancestry	TSI	1000 Genomes on GRCh38,1000 Genomes 30x on GRCh38,1000 Genomes phase 3 release																																																							
NA20768	NA20768		SAME124372	Italian	EUR	female	TSI	Toscani	EUR	European Ancestry	TSI	1000 Genomes on GRCh38,1000 Genomes 30x on GRCh38,1000 Genomes phase 3 release,1000 Genomes phase 1 release,Geuvadis																																																							
NA20770	NA20770		SAME124576	Italian	EUR	male	TSI	Toscani	EUR	European Ancestry	TSI	1000 Genomes on GRCh38,1000 Genomes 30x on GRCh38,1000 Genomes phase 3 release,1000 Genomes phase 1 release,Geuvadis																																																							
NA20775	NA20775		SAME124573	Italian	EUR	female	TSI	Toscani	EUR	European Ancestry	TSI	1000 Genomes on GRCh38,1000 Genomes 30x on GRCh38,1000 Genomes phase 3 release,1000 Genomes phase 1 release																																																							
NA20503	NA20503		SAME124357	Italian	EUR	female	TSI	Toscani	EUR	European Ancestry	TSI	1000 Genomes on GRCh38,1000 Genomes 30x on GRCh38,1000 Genomes phase 3 release,1000 Genomes phase 1 release,Geuvadis																																																							
NA20508	NA20508		SAME124355	Italian	EUR	female	TSI	Toscani	EUR	European Ancestry	TSI	1000 Genomes on GRCh38,1000 Genomes 30x on GRCh38,1000 Genomes phase 3 release,1000 Genomes phase 1 release,Geuvadis																																																							
NA20510	NA20510		SAME124562	Italian	EUR	male	TSI	Toscani	EUR	European Ancestry	TSI	1000 Genomes on GRCh38,1000 Genomes 30x on GRCh38,1000 Genomes phase 3 release,1000 Genomes phase 1 release,Geuvadis																																																							
NA20515	NA20515		SAME124559	Italian	EUR	male	TSI	Toscani	EUR	European Ancestry	TSI	1000 Genomes on GRCh38,1000 Genomes 30x on GRCh38,1000 Genomes phase 3 release,1000 Genomes phase 1 release,Geuvadis																																																							
NA20522	NA20522		SAME124017	Italian	EUR	female	TSI	Toscani	EUR	European Ancestry	TSI	1000 Genomes on GRCh38,1000 Genomes 30x on GRCh38,1000 Genomes phase 3 release,1000 Genomes phase 1 release																																																							
NA20786	NA20786		SAME123610	Italian	EUR	female	TSI	Toscani	EUR	European Ancestry	TSI	1000 Genomes on GRCh38,1000 Genomes 30x on GRCh38,1000 Genomes phase 3 release,1000 Genomes phase 1 release,Geuvadis																																																							
NA20798	NA20798		SAME123821	Italian	EUR	male	TSI	Toscani	EUR	European Ancestry	TSI	1000 Genomes on GRCh38,1000 Genomes 30x on GRCh38,1000 Genomes phase 3 release,1000 Genomes phase 1 release,Geuvadis																																																							
NA20801	NA20801		SAME125365	Italian	EUR	male	TSI	Toscani	EUR	European Ancestry	TSI	1000 Genomes on GRCh38,1000 Genomes 30x on GRCh38,1000 Genomes phase 3 release,1000 Genomes phase 1 release,Geuvadis																																																							
NA20806	NA20806		SAME125362	Italian	EUR	male	TSI	Toscani	EUR	European Ancestry	TSI	1000 Genomes on GRCh38,1000 Genomes 30x on GRCh38,1000 Genomes phase 3 release,1000 Genomes phase 1 release,Geuvadis																																																							
NA20813	NA20813		SAME125189	Italian	EUR	female	TSI	Toscani	EUR	European Ancestry	TSI	1000 Genomes on GRCh38,1000 Genomes 30x on GRCh38,1000 Genomes phase 3 release,1000 Genomes phase 1 release,Geuvadis																																																							
NA20818	NA20818		SAME125184	Italian	EUR	female	TSI	Toscani	EUR	European Ancestry	TSI	1000 Genomes on GRCh38,1000 Genomes 30x on GRCh38,1000 Genomes phase 3 release,1000 Genomes phase 1 release																																																							
NA20832	NA20832		SAME122894	Italian	EUR	female	TSI	Toscani	EUR	European Ancestry	TSI	1000 Genomes on GRCh38,1000 Genomes 30x on GRCh38,1000 Genomes phase 3 release																																																							
NA20527	NA20527		SAME124013	Italian	EUR	male	TSI	Toscani	EUR	European Ancestry	TSI	1000 Genomes on GRCh38,1000 Genomes 30x on GRCh38,1000 Genomes phase 3 release,1000 Genomes phase 1 release,Geuvadis																																																							
NA20534	NA20534		SAME124165	Italian	EUR	male	TSI	Toscani	EUR	European Ancestry	TSI	1000 Genomes on GRCh38,1000 Genomes 30x on GRCh38,1000 Genomes phase 3 release,1000 Genomes phase 1 release,Geuvadis																																																							
NA20539	NA20539		SAME124164	Italian	EUR	male	TSI	Toscani	EUR	European Ancestry	TSI	1000 Genomes on GRCh38,1000 Genomes 30x on GRCh38,1000 Genomes phase 3 release,1000 Genomes phase 1 release,Geuvadis																																																							
NA20541	NA20541		SAME125147	Italian	EUR	female	TSI	Toscani	EUR	European Ancestry	TSI	1000 Genomes on GRCh38,1000 Genomes 30x on GRCh38,1000 Genomes phase 3 release,1000 Genomes phase 1 release,Geuvadis																																																							
NA20589	NA20589		SAME122865	Italian	EUR	female	TSI	Toscani	EUR	European Ancestry	TSI	1000 Genomes on GRCh38,1000 Genomes 30x on GRCh38,1000 Genomes phase 3 release,1000 Genomes phase 1 release,Geuvadis																																																							
NA20755	NA20755		SAME124174	Italian	EUR	male	TSI	Toscani	EUR	European Ancestry	TSI	1000 Genomes on GRCh38,1000 Genomes 30x on GRCh38,1000 Genomes phase 3 release,1000 Genomes phase 1 release																																																							
NA20762	NA20762		SAME124744	Italian	EUR	male	TSI	Toscani	EUR	European Ancestry	TSI	1000 Genomes on GRCh38,1000 Genomes 30x on GRCh38,1000 Genomes phase 3 release																																																							
NA20767	NA20767		SAME124369	Italian	EUR	male	TSI	Toscani	EUR	European Ancestry	TSI	1000 Genomes on GRCh38,1000 Genomes 30x on GRCh38,1000 Genomes phase 3 release																																																							
NA20774	NA20774		SAME124572	Italian	EUR	female	TSI	Toscani	EUR	European Ancestry	TSI	1000 Genomes on GRCh38,1000 Genomes 30x on GRCh38,1000 Genomes phase 3 release,1000 Genomes phase 1 release,Geuvadis																																																							
HG00844	HG00844		SAME123952	Dai	EAS	male	CDX	Dai Chinese	EAS	East Asian Ancestry	CDX	1000 Genomes on GRCh38,1000 Genomes 30x on GRCh38,1000 Genomes phase 3 release																																																							
HG00851	HG00851		SAME123756	Dai	EAS	female	CDX	Dai Chinese	EAS	East Asian Ancestry	CDX	1000 Genomes on GRCh38,1000 Genomes 30x on GRCh38,1000 Genomes phase 3 release																																																							
HG00983	HG00983		SAME123769	Dai	EAS	male	CDX	Dai Chinese	EAS	East Asian Ancestry	CDX	1000 Genomes on GRCh38,1000 Genomes phase 3 release																																																							
HGDP01161	HGDP01161			Italian	EUR	male		Tuscan		Europe (HGDP)	TuscanHGDP	Human Genome Diversity Project																																																							
HGDP01166	HGDP01166			Italian	EUR	male		Tuscan		Europe (HGDP)	TuscanHGDP	Human Genome Diversity Project																																																							
HGDP01173	HGDP01173			Italian	EUR	male		Bergamo Italian		Europe (HGDP)	BergamoItalianHGDP	Human Genome Diversity Project																																																							
HG01028	HG01028		SAME123524	Dai	EAS	male	CDX	Dai Chinese	EAS	East Asian Ancestry	CDX	1000 Genomes on GRCh38,1000 Genomes 30x on GRCh38,1000 Genomes phase 3 release																																																							
HG00866	HG00866		SAME123549	Dai	EAS	male	CDX	Dai Chinese	EAS	East Asian Ancestry	CDX	1000 Genomes on GRCh38,1000 Genomes phase 3 release																																																							
HGDP01177	HGDP01177			Italian	EUR	female		Bergamo Italian		Europe (HGDP)	BergamoItalianHGDP	Human Genome Diversity Project																																																							
S_Bergamo-1	HGDP01153		SAMEA3449876	Italian	EUR	male		Bergamo		West Eurasia (SGDP)	BergamoSGDP	Simons Genome Diversity Project	238.0	C	LP6005441-DNA_A06	HGDP01153	S_Bergamo-1	Genomic_from_cell_lines	X	XY	Bergamo	WestEurasia	Italy(Bergamo)	?	..	..	68.6	2,657,453,944	2,321,398,214	2,140,671,417	1,157,895,928	0.001018956	0.000903427	0.000856607	0.000807	H3:3	I2a2b	0.000853331	4.51e-05	0.000933	7.02e-05	6.83e-05	7.22e-05	0.000890911	0.000748063	0.000713852	0.000676402	..	..	..	..	0.92	0.92	0.993	0.001	0.001	0.001										
HG01794	HG01794		SAME124218	Dai	EAS	female	CDX	Dai Chinese	EAS	East Asian Ancestry	CDX	1000 Genomes on GRCh38,1000 Genomes 30x on GRCh38,1000 Genomes phase 3 release																																																							
HG01799	HG01799		SAME124227	Dai	EAS	female	CDX	Dai Chinese	EAS	East Asian Ancestry	CDX	1000 Genomes on GRCh38,1000 Genomes 30x on GRCh38,1000 Genomes phase 3 release																																																							
HG01802	HG01802		SAME124307	Dai	EAS	female	CDX	Dai Chinese	EAS	East Asian Ancestry	CDX	1000 Genomes on GRCh38,1000 Genomes 30x on GRCh38,1000 Genomes phase 3 release																																																							
HG01807	HG01807		SAME124303	Dai	EAS	female	CDX	Dai Chinese	EAS	East Asian Ancestry	CDX	1000 Genomes on GRCh38,1000 Genomes 30x on GRCh38,1000 Genomes phase 3 release																																																							
S_Bergamo-2	HGDP01172	S_Bergamo-2	SAMEA3302855	Italian	EUR	female		Bergamo		West Eurasia (SGDP)	BergamoSGDP	Simons Genome Diversity Project	239.0	C	LP6005441-DNA_B06	HGDP01172	S_Bergamo-2	Genomic_from_cell_lines	X	XX	Bergamo	WestEurasia	Italy(Bergamo)	?	46	10	80.02	2,657,464,259	2,318,228,436	2,149,704,932	1,211,887,242	0.001023189	0.00090571	0.000858259	0.000808	HV0:0	..	0.000871026	0.000454423	0.00094	0.000534	0.000527	0.000541	0.000914489	0.000770713	0.00073751	0.000708073	0.02	0.001	0.002	0.0153	0.91	0.92	0.993	0.001	0.001	0.001	C	Bergamo	WestEurasia	Italy(Bergamo)	Howard Cann	F	46.0	10.0	62.0	0.00072
HG01796	HG01796		SAME124220	Dai	EAS	female	CDX	Dai Chinese	EAS	East Asian Ancestry	CDX	1000 Genomes on GRCh38,1000 Genomes 30x on GRCh38,1000 Genomes phase 3 release																																																							
HG01804	HG01804		SAME124302	Dai	EAS	female	CDX	Dai Chinese	EAS	East Asian Ancestry	CDX	1000 Genomes on GRCh38,1000 Genomes 30x on GRCh38,1000 Genomes phase 3 release																																																							
HG01809	HG01809		SAME124299	Dai	EAS	female	CDX	Dai Chinese	EAS	East Asian Ancestry	CDX	1000 Genomes on GRCh38,1000 Genomes 30x on GRCh38,1000 Genomes phase 3 release																																																							
HG01811	HG01811		SAME125380	Dai	EAS	male	CDX	Dai Chinese	EAS	East Asian Ancestry	CDX	1000 Genomes on GRCh38,1000 Genomes 30x on GRCh38,1000 Genomes phase 3 release																																																							
HG01816	HG01816		SAME124521	Dai	EAS	male	CDX	Dai Chinese	EAS	East Asian Ancestry	CDX	1000 Genomes on GRCh38,1000 Genomes 30x on GRCh38,1000 Genomes phase 3 release																																																							
HG02355	HG02355		SAME1840269	Dai	EAS	male	CDX	Dai Chinese	EAS	East Asian Ancestry	CDX	1000 Genomes on GRCh38,1000 Genomes 30x on GRCh38,1000 Genomes phase 3 release																																																							
HG02367	HG02367		SAME1840113	Dai	EAS	male	CDX	Dai Chinese	EAS	East Asian Ancestry	CDX	1000 Genomes on GRCh38,1000 Genomes 30x on GRCh38,1000 Genomes phase 3 release																																																							
HG02374	HG02374		SAME1840247	Dai	EAS	male	CDX	Dai Chinese	EAS	East Asian Ancestry	CDX	1000 Genomes on GRCh38,1000 Genomes 30x on GRCh38,1000 Genomes phase 3 release																																																							
HG02379	HG02379		SAME1840217	Dai	EAS	male	CDX	Dai Chinese	EAS	East Asian Ancestry	CDX	1000 Genomes on GRCh38,1000 Genomes 30x on GRCh38,1000 Genomes phase 3 release																																																							
HG02184	HG02184		SAME123216	Dai	EAS	female	CDX	Dai Chinese	EAS	East Asian Ancestry	CDX	1000 Genomes on GRCh38,1000 Genomes 30x on GRCh38,1000 Genomes phase 3 release																																																							
HG02189	HG02189		SAME125040	Dai	EAS	female	CDX	Dai Chinese	EAS	East Asian Ancestry	CDX	1000 Genomes on GRCh38,1000 Genomes phase 3 release																																																							
HG02381	HG02381		SAME1840033	Dai	EAS	male	CDX	Dai Chinese	EAS	East Asian Ancestry	CDX	1000 Genomes on GRCh38,1000 Genomes phase 3 release																																																							
HG02181	HG02181		SAME123206	Dai	EAS	female	CDX	Dai Chinese	EAS	East Asian Ancestry	CDX	1000 Genomes on GRCh38,1000 Genomes 30x on GRCh38,1000 Genomes phase 3 release																																																							
HG02386	HG02386		SAME1840001	Dai	EAS	male	CDX	Dai Chinese	EAS	East Asian Ancestry	CDX	1000 Genomes on GRCh38,1000 Genomes 30x on GRCh38,1000 Genomes phase 3 release																																																							
HG02186	HG02186		SAME125039	Dai	EAS	female	CDX	Dai Chinese	EAS	East Asian Ancestry	CDX	1000 Genomes on GRCh38,1000 Genomes 30x on GRCh38,1000 Genomes phase 3 release																																																							
HG02398	HG02398		SAME1839845	Dai	EAS	male	CDX	Dai Chinese	EAS	East Asian Ancestry	CDX	1000 Genomes on GRCh38,1000 Genomes 30x on GRCh38,1000 Genomes phase 3 release																																																							
HG02401	HG02401		SAME1839415	Dai	EAS	male	CDX	Dai Chinese	EAS	East Asian Ancestry	CDX	1000 Genomes on GRCh38,1000 Genomes 30x on GRCh38,1000 Genomes phase 3 release																																																							
HG02406	HG02406		SAME1839394	Dai	EAS	male	CDX	Dai Chinese	EAS	East Asian Ancestry	CDX	1000 Genomes on GRCh38,1000 Genomes 30x on GRCh38,1000 Genomes phase 3 release																																																							
HG02153	HG02153		SAME124791	Dai	EAS	female	CDX	Dai Chinese	EAS	East Asian Ancestry	CDX	1000 Genomes on GRCh38,1000 Genomes 30x on GRCh38,1000 Genomes phase 3 release																																																							
HG02155	HG02155		SAME124795	Dai	EAS	female	CDX	Dai Chinese	EAS	East Asian Ancestry	CDX	1000 Genomes on GRCh38,1000 Genomes 30x on GRCh38,1000 Genomes phase 3 release																																																							
HG02165	HG02165		SAME124208	Dai	EAS	female	CDX	Dai Chinese	EAS	East Asian Ancestry	CDX	1000 Genomes on GRCh38,1000 Genomes 30x on GRCh38,1000 Genomes phase 3 release																																																							
HG02179	HG02179		SAME124415	Dai	EAS	female	CDX	Dai Chinese	EAS	East Asian Ancestry	CDX	1000 Genomes on GRCh38,1000 Genomes 30x on GRCh38,1000 Genomes phase 3 release																																																							
HG02364	HG02364		SAME1840125	Dai	EAS	male	CDX	Dai Chinese	EAS	East Asian Ancestry	CDX	1000 Genomes on GRCh38,1000 Genomes 30x on GRCh38,1000 Genomes phase 3 release																																																							
HG02371	HG02371		SAME1840180	Dai	EAS	male	CDX	Dai Chinese	EAS	East Asian Ancestry	CDX	1000 Genomes on GRCh38,1000 Genomes 30x on GRCh38,1000 Genomes phase 3 release																																																							
HG01029	HG01029		SAME123523	Dai	EAS	female	CDX	Dai Chinese	EAS	East Asian Ancestry	CDX	1000 Genomes on GRCh38,1000 Genomes 30x on GRCh38,1000 Genomes phase 3 release																																																							
HG01031	HG01031		SAME123728	Dai	EAS	male	CDX	Dai Chinese	EAS	East Asian Ancestry	CDX	1000 Genomes on GRCh38,1000 Genomes 30x on GRCh38,1000 Genomes phase 3 release																																																							
HG00759	HG00759		SAME125020	Dai	EAS	female	CDX	Dai Chinese	EAS	East Asian Ancestry	CDX	1000 Genomes on GRCh38,1000 Genomes 30x on GRCh38,1000 Genomes phase 3 release																																																							
HG00766	HG00766		SAME124458	Dai	EAS	female	CDX	Dai Chinese	EAS	East Asian Ancestry	CDX	1000 Genomes on GRCh38,1000 Genomes 30x on GRCh38,1000 Genomes phase 3 release																																																							
HG00867	HG00867		SAME123550	Dai	EAS	female	CDX	Dai Chinese	EAS	East Asian Ancestry	CDX	1000 Genomes on GRCh38,1000 Genomes 30x on GRCh38,1000 Genomes phase 3 release																																																							
HG00879	HG00879		SAME123399	Dai	EAS	female	CDX	Dai Chinese	EAS	East Asian Ancestry	CDX	1000 Genomes on GRCh38,1000 Genomes 30x on GRCh38,1000 Genomes phase 3 release																																																							
HG00881	HG00881		SAME123540	Dai	EAS	male	CDX	Dai Chinese	EAS	East Asian Ancestry	CDX	1000 Genomes on GRCh38,1000 Genomes 30x on GRCh38,1000 Genomes phase 3 release																																																							
HG02408	HG02408		SAME1839461	Dai	EAS	male	CDX	Dai Chinese	EAS	East Asian Ancestry	CDX	1000 Genomes on GRCh38,1000 Genomes 30x on GRCh38,1000 Genomes phase 3 release																																																							
HG00956	HG00956		SAME124319	Dai	EAS	female	CDX	Dai Chinese	EAS	East Asian Ancestry	CDX	1000 Genomes on GRCh38,1000 Genomes 30x on GRCh38,1000 Genomes phase 3 release																																																							
HG02410	HG02410		SAME1839207	Dai	EAS	male	CDX	Dai Chinese	EAS	East Asian Ancestry	CDX	1000 Genomes on GRCh38,1000 Genomes 30x on GRCh38,1000 Genomes phase 3 release																																																							
HG00982	HG00982		SAME123770	Dai	EAS	male	CDX	Dai Chinese	EAS	East Asian Ancestry	CDX	1000 Genomes on GRCh38,1000 Genomes 30x on GRCh38,1000 Genomes phase 3 release																																																							
HG02383	HG02383		SAME1840019	Dai	EAS	male	CDX	Dai Chinese	EAS	East Asian Ancestry	CDX	1000 Genomes on GRCh38,1000 Genomes 30x on GRCh38,1000 Genomes phase 3 release																																																							
HG02388	HG02388		SAME1839997	Dai	EAS	male	CDX	Dai Chinese	EAS	East Asian Ancestry	CDX	1000 Genomes on GRCh38,1000 Genomes phase 3 release																																																							
HG02390	HG02390		SAME1839788	Dai	EAS	male	CDX	Dai Chinese	EAS	East Asian Ancestry	CDX	1000 Genomes on GRCh38,1000 Genomes 30x on GRCh38,1000 Genomes phase 3 release																																																							
HG02395	HG02395		SAME1839754	Dai	EAS	male	CDX	Dai Chinese	EAS	East Asian Ancestry	CDX	1000 Genomes on GRCh38,1000 Genomes 30x on GRCh38,1000 Genomes phase 3 release																																																							
HG01795	HG01795		SAME124217	Dai	EAS	female	CDX	Dai Chinese	EAS	East Asian Ancestry	CDX	1000 Genomes on GRCh38,1000 Genomes 30x on GRCh38,1000 Genomes phase 3 release																																																							
HG01808	HG01808		SAME124300	Dai	EAS	female	CDX	Dai Chinese	EAS	East Asian Ancestry	CDX	1000 Genomes on GRCh38,1000 Genomes 30x on GRCh38,1000 Genomes phase 3 release																																																							
HG01810	HG01810		SAME124519	Dai	EAS	male	CDX	Dai Chinese	EAS	East Asian Ancestry	CDX	1000 Genomes on GRCh38,1000 Genomes 30x on GRCh38,1000 Genomes phase 3 release																																																							
HG01815	HG01815		SAME124524	Dai	EAS	female	CDX	Dai Chinese	EAS	East Asian Ancestry	CDX	1000 Genomes on GRCh38,1000 Genomes 30x on GRCh38,1000 Genomes phase 3 release																																																							
HG02250	HG02250		SAME1839268	Dai	EAS	male	CDX	Dai Chinese	EAS	East Asian Ancestry	CDX	1000 Genomes on GRCh38,1000 Genomes 30x on GRCh38,1000 Genomes phase 3 release																																																							
HG02154	HG02154		SAME124794	Dai	EAS	female	CDX	Dai Chinese	EAS	East Asian Ancestry	CDX	1000 Genomes on GRCh38,1000 Genomes 30x on GRCh38,1000 Genomes phase 3 release																																																							
HG02166	HG02166		SAME124207	Dai	EAS	female	CDX	Dai Chinese	EAS	East Asian Ancestry	CDX	1000 Genomes on GRCh38,1000 Genomes 30x on GRCh38,1000 Genomes phase 3 release																																																							
HG02173	HG02173		SAME1839041	Dai	EAS	female	CDX	Dai Chinese	EAS	East Asian Ancestry	CDX	1000 Genomes on GRCh38																																																							
HG02178	HG02178		SAME124414	Dai	EAS	female	CDX	Dai Chinese	EAS	East Asian Ancestry	CDX	1000 Genomes on GRCh38,1000 Genomes 30x on GRCh38,1000 Genomes phase 3 release																																																							
HG02180	HG02180		SAME123208	Dai	EAS	female	CDX	Dai Chinese	EAS	East Asian Ancestry	CDX	1000 Genomes on GRCh38,1000 Genomes 30x on GRCh38,1000 Genomes phase 3 release																																																							
HG02185	HG02185		SAME123215	Dai	EAS	female	CDX	Dai Chinese	EAS	East Asian Ancestry	CDX	1000 Genomes on GRCh38,1000 Genomes 30x on GRCh38,1000 Genomes phase 3 release																																																							
HG02351	HG02351		SAME1840284	Dai	EAS	male	CDX	Dai Chinese	EAS	East Asian Ancestry	CDX	1000 Genomes on GRCh38,1000 Genomes 30x on GRCh38,1000 Genomes phase 3 release																																																							
HG02356	HG02356		SAME1840261	Dai	EAS	male	CDX	Dai Chinese	EAS	East Asian Ancestry	CDX	1000 Genomes on GRCh38,1000 Genomes 30x on GRCh38,1000 Genomes phase 3 release																																																							
HG02363	HG02363		SAME1840379	Dai	EAS	male	CDX	Dai Chinese	EAS	East Asian Ancestry	CDX	1000 Genomes on GRCh38,1000 Genomes phase 3 release																																																							
HG02375	HG02375		SAME1840244	Dai	EAS	male	CDX	Dai Chinese	EAS	East Asian Ancestry	CDX	1000 Genomes on GRCh38,1000 Genomes 30x on GRCh38,1000 Genomes phase 3 release																																																							
HG02382	HG02382		SAME1840025	Dai	EAS	male	CDX	Dai Chinese	EAS	East Asian Ancestry	CDX	1000 Genomes on GRCh38,1000 Genomes 30x on GRCh38,1000 Genomes phase 3 release																																																							
HG02387	HG02387		SAME1839998	Dai	EAS	male	CDX	Dai Chinese	EAS	East Asian Ancestry	CDX	1000 Genomes on GRCh38,1000 Genomes phase 3 release																																																							
HG02394	HG02394		SAME123305	Dai	EAS	male	CDX	Dai Chinese	EAS	East Asian Ancestry	CDX	1000 Genomes on GRCh38,1000 Genomes 30x on GRCh38,1000 Genomes phase 3 release																																																							
HG02399	HG02399		SAME1839842	Dai	EAS	male	CDX	Dai Chinese	EAS	East Asian Ancestry	CDX	1000 Genomes on GRCh38,1000 Genomes 30x on GRCh38,1000 Genomes phase 3 release																																																							
HG02402	HG02402		SAME1839412	Dai	EAS	male	CDX	Dai Chinese	EAS	East Asian Ancestry	CDX	1000 Genomes on GRCh38,1000 Genomes 30x on GRCh38,1000 Genomes phase 3 release																																																							
HG02407	HG02407		SAME1839464	Dai	EAS	male	CDX	Dai Chinese	EAS	East Asian Ancestry	CDX	1000 Genomes on GRCh38,1000 Genomes 30x on GRCh38,1000 Genomes phase 3 release																																																							
NA20505	NA20505		SAME124359	Italian	EUR	female	TSI	Toscani	EUR	European Ancestry	TSI	1000 Genomes on GRCh38,1000 Genomes 30x on GRCh38,1000 Genomes phase 3 release,1000 Genomes phase 1 release,Geuvadis																																																							
NA20512	NA20512		SAME124560	Italian	EUR	male	TSI	Toscani	EUR	European Ancestry	TSI	1000 Genomes on GRCh38,1000 Genomes 30x on GRCh38,1000 Genomes phase 3 release,1000 Genomes phase 1 release,Geuvadis																																																							
NA20517	NA20517		SAME124557	Italian	EUR	female	TSI	Toscani	EUR	European Ancestry	TSI	1000 Genomes on GRCh38,1000 Genomes 30x on GRCh38,1000 Genomes phase 3 release,1000 Genomes phase 1 release,Geuvadis																																																							
NA20524	NA20524		SAME124016	Italian	EUR	male	TSI	Toscani	EUR	European Ancestry	TSI	1000 Genomes on GRCh38,1000 Genomes 30x on GRCh38,1000 Genomes phase 3 release,1000 Genomes phase 1 release,Geuvadis																																																							
NA20529	NA20529		SAME124011	Italian	EUR	female	TSI	Toscani	EUR	European Ancestry	TSI	1000 Genomes on GRCh38,1000 Genomes 30x on GRCh38,1000 Genomes phase 3 release,1000 Genomes phase 1 release,Geuvadis																																																							
NA20531	NA20531		SAME124170	Italian	EUR	female	TSI	Toscani	EUR	European Ancestry	TSI	1000 Genomes on GRCh38,1000 Genomes 30x on GRCh38,1000 Genomes phase 3 release,1000 Genomes phase 1 release,Geuvadis																																																							
NA20536	NA20536		SAME124167	Italian	EUR	male	TSI	Toscani	EUR	European Ancestry	TSI	1000 Genomes on GRCh38,1000 Genomes 30x on GRCh38,1000 Genomes phase 3 release,1000 Genomes phase 1 release,Geuvadis																																																							
NA20543	NA20543		SAME125149	Italian	EUR	male	TSI	Toscani	EUR	European Ancestry	TSI	1000 Genomes on GRCh38,1000 Genomes 30x on GRCh38,1000 Genomes phase 3 release,1000 Genomes phase 1 release,Geuvadis																																																							
NA20581	NA20581		SAME122859	Italian	EUR	male	TSI	Toscani	EUR	European Ancestry	TSI	1000 Genomes on GRCh38,1000 Genomes 30x on GRCh38,1000 Genomes phase 3 release,1000 Genomes phase 1 release,Geuvadis																																																							
NA20586	NA20586		SAME122864	Italian	EUR	male	TSI	Toscani	EUR	European Ancestry	TSI	1000 Genomes on GRCh38,1000 Genomes 30x on GRCh38,1000 Genomes phase 3 release,1000 Genomes phase 1 release,Geuvadis																																																							
NA20752	NA20752		SAME124177	Italian	EUR	male	TSI	Toscani	EUR	European Ancestry	TSI	1000 Genomes on GRCh38,1000 Genomes 30x on GRCh38,1000 Genomes phase 3 release,1000 Genomes phase 1 release,Geuvadis																																																							
NA20757	NA20757		SAME124176	Italian	EUR	female	TSI	Toscani	EUR	European Ancestry	TSI	1000 Genomes on GRCh38,1000 Genomes 30x on GRCh38,1000 Genomes phase 3 release,1000 Genomes phase 1 release,Geuvadis																																																							
NA20764	NA20764		SAME124368	Italian	EUR	female	TSI	Toscani	EUR	European Ancestry	TSI	1000 Genomes on GRCh38,1000 Genomes 30x on GRCh38,1000 Genomes phase 3 release																																																							
NA20769	NA20769		SAME124371	Italian	EUR	female	TSI	Toscani	EUR	European Ancestry	TSI	1000 Genomes on GRCh38,1000 Genomes 30x on GRCh38,1000 Genomes phase 3 release,1000 Genomes phase 1 release,Geuvadis																																																							
NA20771	NA20771		SAME124577	Italian	EUR	female	TSI	Toscani	EUR	European Ancestry	TSI	1000 Genomes on GRCh38,1000 Genomes 30x on GRCh38,1000 Genomes phase 3 release,1000 Genomes phase 1 release,Geuvadis																																																							
NA20783	NA20783		SAME123607	Italian	EUR	male	TSI	Toscani	EUR	European Ancestry	TSI	1000 Genomes on GRCh38,1000 Genomes 30x on GRCh38,1000 Genomes phase 3 release,1000 Genomes phase 1 release,Geuvadis																																																							
NA20790	NA20790		SAME123815	Italian	EUR	female	TSI	Toscani	EUR	European Ancestry	TSI	1000 Genomes on GRCh38,1000 Genomes 30x on GRCh38,1000 Genomes phase 3 release,1000 Genomes phase 1 release,Geuvadis																																																							
NA20795	NA20795		SAME123818	Italian	EUR	female	TSI	Toscani	EUR	European Ancestry	TSI	1000 Genomes on GRCh38,1000 Genomes 30x on GRCh38,1000 Genomes phase 3 release,1000 Genomes phase 1 release,Geuvadis																																																							
NA20803	NA20803		SAME125367	Italian	EUR	male	TSI	Toscani	EUR	European Ancestry	TSI	1000 Genomes on GRCh38,1000 Genomes 30x on GRCh38,1000 Genomes phase 3 release,1000 Genomes phase 1 release,Geuvadis																																																							
NA20808	NA20808		SAME122813	Italian	EUR	female	TSI	Toscani	EUR	European Ancestry	TSI	1000 Genomes on GRCh38,1000 Genomes 30x on GRCh38,1000 Genomes phase 3 release,1000 Genomes phase 1 release,Geuvadis																																																							
NA20810	NA20810		SAME125192	Italian	EUR	male	TSI	Toscani	EUR	European Ancestry	TSI	1000 Genomes on GRCh38,1000 Genomes 30x on GRCh38,1000 Genomes phase 3 release,1000 Genomes phase 1 release,Geuvadis																																																							
NA20815	NA20815		SAME125187	Italian	EUR	male	TSI	Toscani	EUR	European Ancestry	TSI	1000 Genomes on GRCh38,1000 Genomes 30x on GRCh38,1000 Genomes phase 3 release,1000 Genomes phase 1 release,Geuvadis																																																							
NA20822	NA20822		SAME123073	Italian	EUR	female	TSI	Toscani	EUR	European Ancestry	TSI	1000 Genomes on GRCh38,1000 Genomes 30x on GRCh38,1000 Genomes phase 3 release																																																							
NA20827	NA20827		SAME123071	Italian	EUR	male	TSI	Toscani	EUR	European Ancestry	TSI	1000 Genomes on GRCh38,1000 Genomes 30x on GRCh38,1000 Genomes phase 3 release																																																							
NA20526	NA20526		SAME124014	Italian	EUR	female	TSI	Toscani	EUR	European Ancestry	TSI	1000 Genomes on GRCh38,1000 Genomes phase 3 release,1000 Genomes phase 1 release																																																							
NA20533	NA20533		SAME124172	Italian	EUR	female	TSI	Toscani	EUR	European Ancestry	TSI	1000 Genomes on GRCh38,1000 Genomes 30x on GRCh38,1000 Genomes phase 3 release,1000 Genomes phase 1 release																																																							
NA20538	NA20538		SAME124163	Italian	EUR	male	TSI	Toscani	EUR	European Ancestry	TSI	1000 Genomes on GRCh38,1000 Genomes 30x on GRCh38,1000 Genomes phase 3 release,1000 Genomes phase 1 release,Geuvadis																																																							
NA20540	NA20540		SAME125148	Italian	EUR	female	TSI	Toscani	EUR	European Ancestry	TSI	1000 Genomes on GRCh38,1000 Genomes 30x on GRCh38,1000 Genomes phase 3 release,1000 Genomes phase 1 release,Geuvadis																																																							
NA20588	NA20588		SAME122866	Italian	EUR	male	TSI	Toscani	EUR	European Ancestry	TSI	1000 Genomes on GRCh38,1000 Genomes 30x on GRCh38,1000 Genomes phase 3 release,1000 Genomes phase 1 release,Geuvadis																																																							
NA20754	NA20754		SAME124173	Italian	EUR	male	TSI	Toscani	EUR	European Ancestry	TSI	1000 Genomes on GRCh38,1000 Genomes 30x on GRCh38,1000 Genomes phase 3 release,1000 Genomes phase 1 release,Geuvadis																																																							
NA20759	NA20759		SAME125094	Italian	EUR	male	TSI	Toscani	EUR	European Ancestry	TSI	1000 Genomes on GRCh38,1000 Genomes 30x on GRCh38,1000 Genomes phase 3 release,1000 Genomes phase 1 release,Geuvadis																																																							
NA20761	NA20761		SAME124363	Italian	EUR	female	TSI	Toscani	EUR	European Ancestry	TSI	1000 Genomes on GRCh38,1000 Genomes 30x on GRCh38,1000 Genomes phase 3 release,1000 Genomes phase 1 release,Geuvadis																																																							
NA20766	NA20766		SAME124370	Italian	EUR	female	TSI	Toscani	EUR	European Ancestry	TSI	1000 Genomes on GRCh38,1000 Genomes 30x on GRCh38,1000 Genomes phase 3 release,1000 Genomes phase 1 release,Geuvadis																																																							
NA20773	NA20773		SAME124575	Italian	EUR	female	TSI	Toscani	EUR	European Ancestry	TSI	1000 Genomes on GRCh38,1000 Genomes 30x on GRCh38,1000 Genomes phase 3 release,1000 Genomes phase 1 release,Geuvadis																																																							
NA20778	NA20778		SAME124571	Italian	EUR	male	TSI	Toscani	EUR	European Ancestry	TSI	1000 Genomes on GRCh38,1000 Genomes 30x on GRCh38,1000 Genomes phase 3 release,1000 Genomes phase 1 release,Geuvadis																																																							
NA20785	NA20785		SAME123611	Italian	EUR	male	TSI	Toscani	EUR	European Ancestry	TSI	1000 Genomes on GRCh38,1000 Genomes 30x on GRCh38,1000 Genomes phase 3 release,1000 Genomes phase 1 release,Geuvadis																																																							
NA20502	NA20502		SAME124358	Italian	EUR	female	TSI	Toscani	EUR	European Ancestry	TSI	1000 Genomes on GRCh38,1000 Genomes 30x on GRCh38,1000 Genomes phase 3 release,1000 Genomes phase 1 release,Geuvadis																																																							
NA20507	NA20507		SAME124361	Italian	EUR	female	TSI	Toscani	EUR	European Ancestry	TSI	1000 Genomes on GRCh38,1000 Genomes 30x on GRCh38,1000 Genomes phase 3 release,1000 Genomes phase 1 release,Geuvadis																																																							
NA20514	NA20514		SAME124558	Italian	EUR	female	TSI	Toscani	EUR	European Ancestry	TSI	1000 Genomes on GRCh38,1000 Genomes 30x on GRCh38,1000 Genomes phase 3 release,1000 Genomes phase 1 release,Geuvadis																																																							
NA20519	NA20519		SAME123179	Italian	EUR	male	TSI	Toscani	EUR	European Ancestry	TSI	1000 Genomes on GRCh38,1000 Genomes 30x on GRCh38,1000 Genomes phase 3 release,1000 Genomes phase 1 release,Geuvadis																																																							
NA20521	NA20521		SAME124018	Italian	EUR	male	TSI	Toscani	EUR	European Ancestry	TSI	1000 Genomes on GRCh38,1000 Genomes 30x on GRCh38,1000 Genomes phase 3 release,1000 Genomes phase 1 release,Geuvadis																																																							
NA20792	NA20792		SAME123817	Italian	EUR	male	TSI	Toscani	EUR	European Ancestry	TSI	1000 Genomes on GRCh38,1000 Genomes 30x on GRCh38,1000 Genomes phase 3 release,1000 Genomes phase 1 release,Geuvadis																																																							
NA20797	NA20797		SAME123820	Italian	EUR	female	TSI	Toscani	EUR	European Ancestry	TSI	1000 Genomes on GRCh38,1000 Genomes 30x on GRCh38,1000 Genomes phase 3 release,1000 Genomes phase 1 release,Geuvadis																																																							
NA20800	NA20800		SAME125364	Italian	EUR	female	TSI	Toscani	EUR	European Ancestry	TSI	1000 Genomes on GRCh38,1000 Genomes 30x on GRCh38,1000 Genomes phase 3 release,1000 Genomes phase 1 release,Geuvadis																																																							
NA20805	NA20805		SAME125361	Italian	EUR	male	TSI	Toscani	EUR	European Ancestry	TSI	1000 Genomes on GRCh38,1000 Genomes 30x on GRCh38,1000 Genomes phase 3 release,1000 Genomes phase 1 release,Geuvadis																																																							
NA20812	NA20812		SAME125190	Italian	EUR	male	TSI	Toscani	EUR	European Ancestry	TSI	1000 Genomes on GRCh38,1000 Genomes 30x on GRCh38,1000 Genomes phase 3 release,1000 Genomes phase 1 release,Geuvadis																																																							
NA20829	NA20829		SAME123077	Italian	EUR	male	TSI	Toscani	EUR	European Ancestry	TSI	1000 Genomes on GRCh38,1000 Genomes phase 3 release																																																							
NA20831	NA20831		SAME122893	Italian	EUR	male	TSI	Toscani	EUR	European Ancestry	TSI	1000 Genomes on GRCh38,1000 Genomes phase 3 release																																																							
NA20506	NA20506		SAME124362	Italian	EUR	female	TSI	Toscani	EUR	European Ancestry	TSI	1000 Genomes on GRCh38,1000 Genomes 30x on GRCh38,1000 Genomes phase 3 release,1000 Genomes phase 1 release,Geuvadis																																																							
NA20513	NA20513		SAME124561	Italian	EUR	male	TSI	Toscani	EUR	European Ancestry	TSI	1000 Genomes on GRCh38,1000 Genomes 30x on GRCh38,1000 Genomes phase 3 release,1000 Genomes phase 1 release,Geuvadis																																																							
NA20518	NA20518		SAME123178	Italian	EUR	male	TSI	Toscani	EUR	European Ancestry	TSI	1000 Genomes on GRCh38,1000 Genomes 30x on GRCh38,1000 Genomes phase 3 release,1000 Genomes phase 1 release,Geuvadis																																																							
NA20520	NA20520		SAME124019	Italian	EUR	male	TSI	Toscani	EUR	European Ancestry	TSI	1000 Genomes on GRCh38,1000 Genomes 30x on GRCh38,1000 Genomes phase 3 release,1000 Genomes phase 1 release,Geuvadis																																																							
NA20525	NA20525		SAME124015	Italian	EUR	male	TSI	Toscani	EUR	European Ancestry	TSI	1000 Genomes on GRCh38,1000 Genomes 30x on GRCh38,1000 Genomes phase 3 release,1000 Genomes phase 1 release,Geuvadis																																																							
NA20532	NA20532		SAME124171	Italian	EUR	male	TSI	Toscani	EUR	European Ancestry	TSI	1000 Genomes on GRCh38,1000 Genomes 30x on GRCh38,1000 Genomes phase 3 release,1000 Genomes phase 1 release,Geuvadis																																																							
NA20537	NA20537		SAME124168	Italian	EUR	male	TSI	Toscani	EUR	European Ancestry	TSI	1000 Genomes on GRCh38,1000 Genomes phase 3 release,1000 Genomes phase 1 release,Geuvadis																																																							
NA20544	NA20544		SAME125146	Italian	EUR	male	TSI	Toscani	EUR	European Ancestry	TSI	1000 Genomes on GRCh38,1000 Genomes 30x on GRCh38,1000 Genomes phase 3 release,1000 Genomes phase 1 release,Geuvadis																																																							
NA20582	NA20582		SAME123474	Italian	EUR	female	TSI	Toscani	EUR	European Ancestry	TSI	1000 Genomes on GRCh38,1000 Genomes 30x on GRCh38,1000 Genomes phase 3 release,1000 Genomes phase 1 release,Geuvadis																																																							
NA20587	NA20587		SAME123481	Italian	EUR	female	TSI	Toscani	EUR	European Ancestry	TSI	1000 Genomes on GRCh38,1000 Genomes 30x on GRCh38,1000 Genomes phase 3 release																																																							
NA20753	NA20753		SAME124178	Italian	EUR	female	TSI	Toscani	EUR	European Ancestry	TSI	1000 Genomes on GRCh38,1000 Genomes 30x on GRCh38,1000 Genomes phase 3 release,1000 Genomes phase 1 release																																																							
NA20758	NA20758		SAME125117	Italian	EUR	male	TSI	Toscani	EUR	European Ancestry	TSI	1000 Genomes on GRCh38,1000 Genomes 30x on GRCh38,1000 Genomes phase 3 release,1000 Genomes phase 1 release,Geuvadis																																																							
NA20760	NA20760		SAME124364	Italian	EUR	female	TSI	Toscani	EUR	European Ancestry	TSI	1000 Genomes on GRCh38,1000 Genomes 30x on GRCh38,1000 Genomes phase 3 release,1000 Genomes phase 1 release,Geuvadis																																																							
NA20765	NA20765		SAME124367	Italian	EUR	male	TSI	Toscani	EUR	European Ancestry	TSI	1000 Genomes on GRCh38,1000 Genomes 30x on GRCh38,1000 Genomes phase 3 release,1000 Genomes phase 1 release,Geuvadis																																																							
NA20772	NA20772		SAME124574	Italian	EUR	female	TSI	Toscani	EUR	European Ancestry	TSI	1000 Genomes on GRCh38,1000 Genomes 30x on GRCh38,1000 Genomes phase 3 release,1000 Genomes phase 1 release,Geuvadis																																																							
NA20796	NA20796		SAME123819	Italian	EUR	male	TSI	Toscani	EUR	European Ancestry	TSI	1000 Genomes on GRCh38,1000 Genomes 30x on GRCh38,1000 Genomes phase 3 release,1000 Genomes phase 1 release,Geuvadis																																																							
NA20804	NA20804		SAME125224	Italian	EUR	female	TSI	Toscani	EUR	European Ancestry	TSI	1000 Genomes on GRCh38,1000 Genomes 30x on GRCh38,1000 Genomes phase 3 release,1000 Genomes phase 1 release,Geuvadis																																																							
NA20809	NA20809		SAME125359	Italian	EUR	male	TSI	Toscani	EUR	European Ancestry	TSI	1000 Genomes on GRCh38,1000 Genomes 30x on GRCh38,1000 Genomes phase 3 release,1000 Genomes phase 1 release,Geuvadis																																																							
NA20811	NA20811		SAME123069	Italian	EUR	male	TSI	Toscani	EUR	European Ancestry	TSI	1000 Genomes on GRCh38,1000 Genomes 30x on GRCh38,1000 Genomes phase 3 release,1000 Genomes phase 1 release,Geuvadis																																																							
NA20816	NA20816		SAME125186	Italian	EUR	male	TSI	Toscani	EUR	European Ancestry	TSI	1000 Genomes on GRCh38,1000 Genomes phase 3 release,1000 Genomes phase 1 release,Geuvadis																																																							
HGDP01155	HGDP01155			Italian	EUR	male		Bergamo Italian		Europe (HGDP)	BergamoItalianHGDP	Human Genome Diversity Project																																																							
HGDP01162	HGDP01162			Italian	EUR	male		Tuscan		Europe (HGDP)	TuscanHGDP	Human Genome Diversity Project																																																							
HGDP01167	HGDP01167			Italian	EUR	male		Tuscan		Europe (HGDP)	TuscanHGDP	Human Genome Diversity Project																																																							
HGDP01174	HGDP01174			Italian	EUR	male		Bergamo Italian		Europe (HGDP)	BergamoItalianHGDP	Human Genome Diversity Project																																																							
NA20828	NA20828		SAME123076	Italian	EUR	female	TSI	Toscani	EUR	European Ancestry	TSI	1000 Genomes on GRCh38,1000 Genomes 30x on GRCh38,1000 Genomes phase 3 release,1000 Genomes phase 1 release,Geuvadis																																																							
HGDP01152	HGDP01152			Italian	EUR	male		Bergamo Italian		Europe (HGDP)	BergamoItalianHGDP	Human Genome Diversity Project																																																							
HGDP01157	HGDP01157			Italian	EUR	female		Bergamo Italian		Europe (HGDP)	BergamoItalianHGDP	Human Genome Diversity Project																																																							
HGDP01164	HGDP01164			Italian	EUR	male		Tuscan		Europe (HGDP)	TuscanHGDP	Human Genome Diversity Project																																																							
HGDP01169	HGDP01169			Italian	EUR	female		Tuscan		Europe (HGDP)	TuscanHGDP	Human Genome Diversity Project																																																							
HGDP01171	HGDP01171			Italian	EUR	female		Bergamo Italian		Europe (HGDP)	BergamoItalianHGDP	Human Genome Diversity Project																																																							
HGDP01149	HGDP01149			Italian	EUR	male		Bergamo Italian		Europe (HGDP)	BergamoItalianHGDP	Human Genome Diversity Project																																																							
HGDP01151	HGDP01151			Italian	EUR	male		Bergamo Italian		Europe (HGDP)	BergamoItalianHGDP	Human Genome Diversity Project																																																							
HGDP01156	HGDP01156			Italian	EUR	female		Bergamo Italian		Europe (HGDP)	BergamoItalianHGDP	Human Genome Diversity Project																																																							
S_Tuscan-1	HGDP01168	S_Tuscan-1	SAMEA3302684	Italian	EUR	female		Tuscan		West Eurasia (SGDP)	TuscanSGDP	Simons Genome Diversity Project	293.0	C	LP6005441-DNA_H12	HGDP01168	S_Tuscan-1	Genomic_from_cell_lines	X	XX	Tuscan	WestEurasia	Italy(Tuscany)	?	43	11	39.71	2,656,432,813	2,313,695,426	2,075,344,445	1,194,409,911	0.001020365	0.000906356	0.000862984	0.000816	U5a2a1	..	0.000872935	0.000489866	0.000885	0.000539	0.000534	0.000545	0.000906375	0.00076595	0.000731817	0.000698981	0.021	0.001	0.002	0.0146	0.91	0.91	0.993	0.001	0.001	0.001	C	Tuscan	WestEurasia	Italy(Tuscany)	Howard Cann	F	43.0	11.0	37.0	0.00071
S_Tuscan-2	HGDP01163	S_Tuscan-2	SAMEA3302758	Italian	EUR	male		Tuscan		West Eurasia (SGDP)	TuscanSGDP	Simons Genome Diversity Project	294.0	C	LP6005441-DNA_G12	HGDP01163	S_Tuscan-2	Genomic_from_cell_lines	X	XY	Tuscan	WestEurasia	Italy(Tuscany)	?	43	11	41.41	2,655,011,570	2,298,696,518	1,967,685,480	1,180,932,139	0.001026145	0.000908672	0.00086185	0.000803	K1a1b1e	J2a1b1	0.000857067	4.62e-05	0.000903	5.11e-05	4.96e-05	5.26e-05	0.000898099	0.000757645	0.000721897	0.000676232	0.021	0.002	0.002	0.0149	0.89	0.92	0.993	0.001	0.001	0.001	C	Tuscan	WestEurasia	Italy(Tuscany)	Howard Cann	M	43.0	11.0	37.0	0.00072
